index,Name,Address,Category,Phone,Avg_review,Reviews,Maps_url
2,SAI CHAITANYA POOJA SAMAGRI STORES,"D NO 24, 2-5, Nageswara Rao Pantulu Rd, near SARADA COLLEGE & MEDPLUS",Store,092909 37169,4.2,(198),https://www.google.com/maps/place/SAI+CHAITANYA+POOJA+SAMAGRI+STORES/data=!4m7!3m6!1s0x3a35eff892f04c0b:0x157ce8c7f2cc6c4b!8m2!3d16.519403!4d80.631207!16s%2Fg%2F11c5s_1p8b!19sChIJC0zwkvjvNToRS2zM8sfofBU?authuser=0&hl=en&rclk=1
3,SUGANDHI CORNER POOJA STORE'S,·,Religious goods store,093976 62999,4.9,"(1,111)",https://www.google.com/maps/place/SUGANDHI+CORNER+POOJA+STORE%27S/data=!4m7!3m6!1s0x3a37a473abf47d75:0xde2d7690652a33fc!8m2!3d17.0019975!4d81.7710154!16s%2Fg%2F11c52yh85m!19sChIJdX30q3OkNzoR_DMqZZB2Ld4?authuser=0&hl=en&rclk=1
4,S.M Agencies Pooja Stores-Wholesale and Retail,Sannidhanam St,Religious goods store,,4.5,(61),https://www.google.com/maps/place/S.M+Agencies+Pooja+Stores-Wholesale+and+Retail/data=!4m7!3m6!1s0x3a35eff8084d042f:0x9da04789b61dba60!8m2!3d16.5233903!4d80.6325043!16s%2Fg%2F11hbbrwlck!19sChIJLwRNCPjvNToRYLodtolHoJ0?authuser=0&hl=en&rclk=1
5,Sree Lakshmi Narasimha Pooja Stores,"Simhachalam Main Road, near Govt Hospital",Religious goods store,095154 33974,5.0,(17),https://www.google.com/maps/place/Sree+Lakshmi+Narasimha+Pooja+Stores/data=!4m7!3m6!1s0x3a3967bab6a9f839:0xf546cc555f6d3039!8m2!3d17.7719368!4d83.2402335!16s%2Fg%2F11jr6j38y7!19sChIJOfiptrpnOToROTBtX1XMRvU?authuser=0&hl=en&rclk=1
6,SRI SAI POOJA SAMAGRI,·,Store,063091 30785,4.0,(202),https://www.google.com/maps/place/SRI+SAI+POOJA+SAMAGRI/data=!4m7!3m6!1s0x3a4d4b115e655539:0x92d6b7b445516cfb!8m2!3d13.623679!4d79.4097034!16s%2Fg%2F11dzdsb5vz!19sChIJOVVlXhFLTToR-2xRRbS31pI?authuser=0&hl=en&rclk=1
7,Tridev Pooja Samagri Store,"26-8-23, Kanithi Rd, opp. Flavors Bakery",Religious goods store,076748 42356,4.9,(22),https://www.google.com/maps/place/Tridev+Pooja+Samagri+Store/data=!4m7!3m6!1s0x3a3969becba582ff:0x83dfe931289bdb97!8m2!3d17.6791165!4d83.197371!16s%2Fg%2F11q82xzfyz!19sChIJ_4Kly75pOToRl9ubKDHp34M?authuser=0&hl=en&rclk=1
8,Karthikeya Pachari & Pooja Stores,·,Religious goods store,088856 99000,4.3,(80),https://www.google.com/maps/place/Karthikeya+Pachari+%26+Pooja+Stores/data=!4m7!3m6!1s0x3a4a7542c00826f5:0x2d59f69715c6e46e!8m2!3d16.3043587!4d80.4317608!16s%2Fg%2F11bzvz12wm!19sChIJ9SYIwEJ1SjoRbuTGFZf2WS0?authuser=0&hl=en&rclk=1
9,Vedha Gayathri Pooja Samagri,"Gandhi Rd, near gandhi statue",Religious goods store,090595 23889,4.7,(14),https://www.google.com/maps/place/Vedha+Gayathri+Pooja+Samagri/data=!4m7!3m6!1s0x3a4b0101545cf701:0xe2acf95372ea3c54!8m2!3d15.5042443!4d80.0482208!16s%2Fg%2F11g0l62zq8!19sChIJAfdcVAEBSzoRVDzqclP5rOI?authuser=0&hl=en&rclk=1
10,SHRI MAATHAA SAI POOJA SAMAGRI,"GROUND FLOOR, DR, 42/529-2, Kadapa - Gooty Rd",Religious goods store,098493 34070,3.8,(53),https://www.google.com/maps/place/SHRI+MAATHAA+SAI+POOJA+SAMAGRI/data=!4m7!3m6!1s0x3bb37207dbb7b54d:0xe1acdb65f82ee0c3!8m2!3d14.4730044!4d78.8360609!16s%2Fg%2F11x9lrnwt!19sChIJTbW32wdyszsRw-Au-GXbrOE?authuser=0&hl=en&rclk=1
11,Sri Karthikeya Pooja Samagri,beside sai baba temple,Religious goods store,098663 53199,5.0,(23),https://www.google.com/maps/place/Sri+Karthikeya+Pooja+Samagri/data=!4m7!3m6!1s0x3a3969bee7ece60d:0x97d49cacacf30b10!8m2!3d17.6739903!4d83.2015228!16s%2Fg%2F11qg_zyg2v!19sChIJDebs575pOToREAvzrKyc1Jc?authuser=0&hl=en&rclk=1
12,Sri Ayyappa pooja Stores,Perugu Chettu Center,Religious goods store,093900 54088,4.5,(17),https://www.google.com/maps/place/Sri+Ayyappa+pooja+Stores/data=!4m7!3m6!1s0x3a3614c513a7714f:0x2c31d88723e0e771!8m2!3d16.7070953!4d81.1067631!16s%2Fg%2F11hc_f40vb!19sChIJT3GnE8UUNjoRcefgI4fYMSw?authuser=0&hl=en&rclk=1
13,Kv ratnam pooja samagri store,·,Religious goods store,086868 84214,4.4,(21),https://www.google.com/maps/place/Kv+ratnam+pooja+samagri+store/data=!4m7!3m6!1s0x3a4cf34a82901f6d:0x1efdb1f853a40939!8m2!3d14.4578836!4d79.9930087!16s%2Fg%2F11gdsf9hth!19sChIJbR-QgkrzTDoROQmkU_ix_R4?authuser=0&hl=en&rclk=1
14,SRI VEDAJANANI POOJA STORES,5/18,Store,073820 81040,3.9,(81),https://www.google.com/maps/place/SRI+VEDAJANANI+POOJA+STORES/data=!4m7!3m6!1s0x3a4a756f22846843:0x3106b174f9b16a26!8m2!3d16.3047464!4d80.4297423!16s%2Fg%2F11hck8x8qb!19sChIJQ2iEIm91SjoRJmqx-XSxBjE?authuser=0&hl=en&rclk=1
15,Ramalingeswara Pooja Samagri ( All Kind Of Pooja Samgri Avaliable ),45-40-38 Ground Floor,General store,088978 25403,4.8,(21),https://www.google.com/maps/place/Ramalingeswara+Pooja+Samagri+%28+All+Kind+Of+Pooja+Samgri+Avaliable+%29/data=!4m7!3m6!1s0x3a39439b458d1e4d:0x205777954e38c581!8m2!3d17.7303473!4d83.2992961!16s%2Fg%2F11n6qwqpk6!19sChIJTR6NRZtDOToRgcU4TpV3VyA?authuser=0&hl=en&rclk=1
16,SRI VIJAYASAI POOJA SAMAGRI,"Vaibhav Fort, Sri Vijayasai Pooja samagri Near congres office, apartment ) Road, opp. SBI Bazar Branch",Religious goods store,098856 44244,4.5,(13),https://www.google.com/maps/place/SRI+VIJAYASAI+POOJA+SAMAGRI/data=!4m7!3m6!1s0x3a3614b606d73ecd:0x981c2971e4c0195c!8m2!3d16.7072333!4d81.1043647!16s%2Fg%2F11f2y4k1vt!19sChIJzT7XBrYUNjoRXBnA5HEpHJg?authuser=0&hl=en&rclk=1
17,SRI SAI POOJA SAMAGRI,Maruthi Nagar Rd,Store,090149 63901,4.0,(40),https://www.google.com/maps/place/SRI+SAI+POOJA+SAMAGRI/data=!4m7!3m6!1s0x3a396907611f2a0b:0x37f4b977b64b3a48!8m2!3d17.6862358!4d83.2075611!16s%2Fg%2F11g8pyb9pz!19sChIJCyofYQdpOToRSDpLtne59Dc?authuser=0&hl=en&rclk=1
18,Lakshmi pooja samagri shop,"Door no 5, 9-15, Big bazar",General store,090302 03562,4.9,(42),https://www.google.com/maps/place/Lakshmi+pooja+samagri+shop/data=!4m7!3m6!1s0x3a3781b10a7a4813:0xc885e2829843dff7!8m2!3d17.0553879!4d82.174861!16s%2Fg%2F11tnwbnjkq!19sChIJE0h6CrGBNzoR999DmILihcg?authuser=0&hl=en&rclk=1
19,Sri Vaishnavi Pooja Samagri,"D.No, 45-44A-3, Akkayyapalem 80 Feet Rd",Religious goods store,099485 19161,3.6,(40),https://www.google.com/maps/place/Sri+Vaishnavi+Pooja+Samagri/data=!4m7!3m6!1s0x3a39432ed645cced:0x8bf30a27e4bc3d4!8m2!3d17.7352486!4d83.2991653!16s%2Fg%2F11b5pjdl0c!19sChIJ7cxF1i5DOToR1MNLfqIwvwg?authuser=0&hl=en&rclk=1
20,Om sri gayatri pooja stores,beside bank of baroda ganapathi centre,Religious goods store,,4.9,(18),https://www.google.com/maps/place/Om+sri+gayatri+pooja+stores/data=!4m7!3m6!1s0x3a36479238e79341:0xbff92d9ee04dd462!8m2!3d16.8109408!4d81.2643915!16s%2Fg%2F11k34nfzlh!19sChIJQZPnOJJHNjoRYtRN4J4t-b8?authuser=0&hl=en&rclk=1
21,Sri Maddala Venkata Subbarao Pooja Stores,"Shop no.8, near Nehru Market",General store,095734 79427,4.8,(12),https://www.google.com/maps/place/Sri+Maddala+Venkata+Subbarao+Pooja+Stores/data=!4m7!3m6!1s0x3a4a4530f733d6ef:0x4bbb55271f5f6cce!8m2!3d15.8247712!4d80.3538024!16s%2Fg%2F11jt4bgmdt!19sChIJ79Yz9zBFSjoRzmxfHydVu0s?authuser=0&hl=en&rclk=1
22,SKML POOJA SAMAGRI,"Poothivari Manyam, 30-1-210/2, S Jail Rd",Religious goods store,097036 28761,4.6,(14),https://www.google.com/maps/place/SKML+POOJA+SAMAGRI/data=!4m7!3m6!1s0x3a394318a0f64a83:0x91df168b71163bb5!8m2!3d17.7204079!4d83.2999223!16s%2Fg%2F11f15lzj4z!19sChIJg0r2oBhDOToRtTsWcYsW35E?authuser=0&hl=en&rclk=1
23,Sri Lalitha Pooja Stores,·,Religious goods store,094926 95511,4.4,(16),https://www.google.com/maps/place/Sri+Lalitha+Pooja+Stores/data=!4m7!3m6!1s0x3a4a75189b31ee51:0xc0311bea850bc6ea!8m2!3d16.3040102!4d80.4317987!16s%2Fg%2F11p6zpsr84!19sChIJUe4xmxh1SjoR6sYLheobMcA?authuser=0&hl=en&rclk=1
24,Ashta Lakshmi Pooja Samagri,·,Store,094916 86913,4.2,(31),https://www.google.com/maps/place/Ashta+Lakshmi+Pooja+Samagri/data=!4m7!3m6!1s0x3a395b95ea21301d:0x7d567cba10fc0248!8m2!3d17.8124645!4d83.3564985!16s%2Fg%2F11cn8s96qf!19sChIJHTAh6pVbOToRSAL8ELp8Vn0?authuser=0&hl=en&rclk=1
25,Sri Polamamba Pooja Samagri,"D.No. 2-6-225, near A.P. Tourism",Religious goods store,086885 54949,5.0,(67),https://www.google.com/maps/place/Sri+Polamamba+Pooja+Samagri/data=!4m7!3m6!1s0x3a3945e1faefb139:0x32a875552f8d6bce!8m2!3d17.7422251!4d83.3427685!16s%2Fg%2F11m_lvgbrw!19sChIJObHv-uFFOToRzmuNL1V1qDI?authuser=0&hl=en&rclk=1
26,Sri Yagnaa Pooja Samagri Stores Kota,"Kota Byp Rd, opp. to Aruna Theatre",Religious goods store,091000 34152,4.9,(8),https://www.google.com/maps/place/Sri+Yagnaa+Pooja+Samagri+Stores+Kota/data=!4m7!3m6!1s0x3a4d01b426d38255:0x9fe8aed3769382c4!8m2!3d14.0362746!4d80.0462595!16s%2Fg%2F11sbb7l5_1!19sChIJVYLTJrQBTToRxIKTdtOu6J8?authuser=0&hl=en&rclk=1
27,Sri Siddeshwara Pooja Samagri,Kote Street,Store,,4.9,(27),https://www.google.com/maps/place/Sri+Siddeshwara+Pooja+Samagri/data=!4m7!3m6!1s0x3bb7a908bd290e5d:0x96684502c0f9322c!8m2!3d15.4872876!4d77.0470916!16s%2Fg%2F11rpks768h!19sChIJXQ4pvQiptzsRLDL5wAJFaJY?authuser=0&hl=en&rclk=1
28,"Sri Venkateswara Decorations, Pooja & Fancy","7VVV+5V2, Market Road, Kasppa Veedhi, opp. Himalaya Tea Company",Religious goods store,081793 01202,5.0,(5),"https://www.google.com/maps/place/Sri+Venkateswara+Decorations,+Pooja+%26+Fancy/data=!4m7!3m6!1s0x3a3c150366b6591f:0x7ed9332ea6fc79c0!8m2!3d18.2928805!4d83.8946455!16s%2Fg%2F11hcjz9gpj!19sChIJH1m2ZgMVPDoRwHn8pi4z2X4?authuser=0&hl=en&rclk=1"
29,Pardhu Pooja Samagri,"JCPH+P72, Maruthi Nagar, Junction",Religious goods store,083339 41579,5.0,(1),https://www.google.com/maps/place/Pardhu+Pooja+Samagri/data=!4m7!3m6!1s0x3a4d4baa34a2f64b:0x4382d407989b7732!8m2!3d13.6367687!4d79.4281322!16s%2Fg%2F11g8kqn0xf!19sChIJS_aiNKpLTToRMnebmAfUgkM?authuser=0&hl=en&rclk=1
30,Sri Sahasra Pooja Stores,"GHQR+5M8, Venkateswara Poundry Road",Religious goods store,092464 00225,5.0,(3),https://www.google.com/maps/place/Sri+Sahasra+Pooja+Stores/data=!4m7!3m6!1s0x3a35efb45ac6019b:0x6f420bc19f1a371c!8m2!3d16.5379145!4d80.5917069!16s%2Fg%2F1s04wq_7g!19sChIJmwHGWrTvNToRHDcan8ELQm8?authuser=0&hl=en&rclk=1
31,Sridevi Pooja Stores,"Pushpa Hotel Rd 33-4-28, Pushpa Hotel Road Moghalrajpuram",Craft store,089851 89808,4.2,(20),https://www.google.com/maps/place/Sridevi+Pooja+Stores/data=!4m7!3m6!1s0x3a35e5536ba6947b:0xd554924dff6decc7!8m2!3d16.5146841!4d80.6394382!16s%2Fg%2F11fylw81yf!19sChIJe5Sma1PlNToRx-xt_02SVNU?authuser=0&hl=en&rclk=1
32,Satya Sai Pooja Store,TAILORS COLONY JUNCTION,Grocery store,070136 72450,4.8,(12),https://www.google.com/maps/place/Satya+Sai+Pooja+Store/data=!4m7!3m6!1s0x3a395bc03b6cd96b:0x695a871d0000000!8m2!3d17.8187612!4d83.3584171!16s%2Fg%2F11s0fhv4fb!19sChIJa9lsO8BbOToRAAAA0HGolQY?authuser=0&hl=en&rclk=1
33,Visishta Poojalaya - Pooja Store in Guntur,"H.No: 134-19-1607, Street no 1, Gayatri Nagar, Mahatma Gandhi Inner Ring Rd",Store,091217 44020,4.3,(7),https://www.google.com/maps/place/Visishta+Poojalaya+-+Pooja+Store+in+Guntur/data=!4m7!3m6!1s0x3a358bd1702a1321:0x7edf5ddcaa4353c6!8m2!3d16.3348746!4d80.4316226!16s%2Fg%2F11j2wfw324!19sChIJIRMqcNGLNToRxlNDqtxd334?authuser=0&hl=en&rclk=1
34,SHREE PADMAAVATHIEE POOJA STORE,"Chinna Bazar St, opp. RYTHU BAZAR",Religious goods store,,5.0,(5),https://www.google.com/maps/place/SHREE+PADMAAVATHIEE+POOJA+STORE/data=!4m7!3m6!1s0x3a3c158617000efb:0x35fc8397f37207f6!8m2!3d18.3046357!4d83.897473!16s%2Fg%2F11k3xc4zmf!19sChIJ-w4AF4YVPDoR9gdy85eD_DU?authuser=0&hl=en&rclk=1
35,Ram Sons Pooja Samagri Shop,"Opp. Chamber Of Commerce, Main Rd",Religious goods store,092467 63340,3.9,(20),https://www.google.com/maps/place/Ram+Sons+Pooja+Samagri+Shop/data=!4m7!3m6!1s0x3a37a473aa4e603d:0xa97aaa1991e9bd2e!8m2!3d17.0024348!4d81.7707232!16s%2Fg%2F11c52sww88!19sChIJPWBOqnOkNzoRLr3pkRmqeqk?authuser=0&hl=en&rclk=1
36,SAI ASHIRVAD POOJA SAMAGRI,"8QX4+PJM, Ponduru Main Rd",Grocery store,099859 45465,4.2,(13),https://www.google.com/maps/place/SAI+ASHIRVAD+POOJA+SAMAGRI/data=!4m7!3m6!1s0x3a3c7298a836575f:0x8389bc28e4ddd7e2!8m2!3d18.3493406!4d83.7565324!16s%2Fg%2F11c708s5fb!19sChIJX1c2qJhyPDoR4tfd5Ci8iYM?authuser=0&hl=en&rclk=1
37,YAGNAM POOJA SAMAGRI,"G24R+74X, banku road, near Sisindri School, Kondaiah",Religious goods store,094907 28323,5.0,(3),https://www.google.com/maps/place/YAGNAM+POOJA+SAMAGRI/data=!4m7!3m6!1s0x3a4b0101436e1ce1:0xb2591b3afadd7b0e!8m2!3d15.5057265!4d80.0403441!16s%2Fg%2F11fvjjzj7h!19sChIJ4RxuQwEBSzoRDnvd-jobWbI?authuser=0&hl=en&rclk=1
38,Kubera Pooja Stores,·,Religious goods store,083280 69884,4.6,(5),https://www.google.com/maps/place/Kubera+Pooja+Stores/data=!4m7!3m6!1s0x3bb14adb40ab99cf:0x8613321fa107670f!8m2!3d14.6811684!4d77.5974222!16s%2Fg%2F11c2kc1m7x!19sChIJz5mrQNtKsTsRD2cHoR8yE4Y?authuser=0&hl=en&rclk=1
39,Uma Ramalingeshwara pooja & General stores,"R83W+M67, Car Shed Rd",General store,,4.4,(16),https://www.google.com/maps/place/Uma+Ramalingeshwara+pooja+%26+General+stores/data=!4m7!3m6!1s0x3a395bdc316da79d:0x455f7c19643683b6!8m2!3d17.8041662!4d83.3455556!16s%2Fg%2F11ll3n70w5!19sChIJnadtMdxbOToRtoM2ZBl8X0U?authuser=0&hl=en&rclk=1
40,Sai Pooja samagri stores,"11-1-61, MF Rd",General store,094903 60961,4.4,(12),https://www.google.com/maps/place/Sai+Pooja+samagri+stores/data=!4m7!3m6!1s0x3bb1a35260e0e9f3:0x72daec33c2e6aa82!8m2!3d13.823147!4d77.4891448!16s%2Fg%2F11p_0fvwvs!19sChIJ8-ngYFKjsTsRgqrmwjPs2nI?authuser=0&hl=en&rclk=1
41,GMR Pooja Stores,"D.No.11-40-55/B, Pulipativari St",General store,093999 61343,4.6,(9),https://www.google.com/maps/place/GMR+Pooja+Stores/data=!4m7!3m6!1s0x3a35efe064b7e219:0x8037d496103d99b1!8m2!3d16.5141736!4d80.6112223!16s%2Fg%2F11bbrht_fc!19sChIJGeK3ZODvNToRsZk9EJbUN4A?authuser=0&hl=en&rclk=1
42,Sri Mahalakshmi Pooja Stores,Door No.21/375 Near. Venkateswara Paints Gandhi Nagar,Religious goods store,090322 40013,5.0,(1),https://www.google.com/maps/place/Sri+Mahalakshmi+Pooja+Stores/data=!4m7!3m6!1s0x3bb14b20ae3459dd:0x7548be4dc24945e2!8m2!3d14.6798062!4d77.6084298!16s%2Fg%2F11fj3d9gwm!19sChIJ3Vk0riBLsTsR4kVJwk2-SHU?authuser=0&hl=en&rclk=1
43,Bhavani Agarabatti Pooja Store,"No. 11-25-144, Imampanja St",Religious goods store,092464 77556,4.5,(2),https://www.google.com/maps/place/Bhavani+Agarabatti+Pooja+Store/data=!4m7!3m6!1s0x3a35efdfd0ab2c43:0x3e48926e069d11a4!8m2!3d16.5138393!4d80.6101345!16s%2Fg%2F1q629cy5b!19sChIJQyyr0N_vNToRpBGdBm6SSD4?authuser=0&hl=en&rclk=1
44,Sri Sharadamba Pooja Stores & Dry Fruits,Shivalayam Main Road,Religious goods store,,5.0,(9),https://www.google.com/maps/place/Sri+Sharadamba+Pooja+Stores+%26+Dry+Fruits/data=!4m7!3m6!1s0x3a4a757026c3dda3:0x7b1318c7a9cbe2f!8m2!3d16.2854093!4d80.4377515!16s%2Fg%2F11w321p7fk!19sChIJo93DJnB1SjoRL76ceowxsQc?authuser=0&hl=en&rclk=1
45,Lakshmi pooja Samagri,Simhachalam Railway Station Rd,Department store,096404 05911,4.7,(3),https://www.google.com/maps/place/Lakshmi+pooja+Samagri/data=!4m7!3m6!1s0x3a396755d9d098fd:0x9d43adfb3374ed79!8m2!3d17.7463574!4d83.2213973!16s%2Fg%2F11fmqb4sr6!19sChIJ_ZjQ2VVnOToRee10M_utQ50?authuser=0&hl=en&rclk=1
46,Sri Gayatri Pooja and General stores,"Gate.M, Bhupati Reddy Complex, near Chinna Anjaneya Swami Temple, opp. MPP School",Religious goods store,090005 61453,4.3,(6),https://www.google.com/maps/place/Sri+Gayatri+Pooja+and+General+stores/data=!4m7!3m6!1s0x3a37bfbd4c190e51:0xb4def9872d9e7d6d!8m2!3d16.764159!4d81.84162!16s%2Fg%2F11s4w8n69m!19sChIJUQ4ZTL2_NzoRbX2eLYf53rQ?authuser=0&hl=en&rclk=1
47,sri sri pooja store,"RTC Complex, near SRI VENKATESWARA MARKET",Store,,5.0,(3),https://www.google.com/maps/place/sri+sri+pooja+store/data=!4m7!3m6!1s0x3a37a3256f18393f:0x440c2226a5c3d9bd!8m2!3d16.9999895!4d81.7909467!16s%2Fg%2F11v4ql_n00!19sChIJPzkYbyWjNzoRvdnDpSYiDEQ?authuser=0&hl=en&rclk=1
48,VARUN POOJA STORES,"Punjab National BANK ATM, 23-11-69, Nageswara Rao Pantulu Rd, opp. G.S.Raju Road",Grocery store,093999 04528,5.0,(4),https://www.google.com/maps/place/VARUN+POOJA+STORES/data=!4m7!3m6!1s0x3a35efae17a44de5:0x87c1edc7108e404c!8m2!3d16.5231685!4d80.6323556!16s%2Fg%2F11h4v7t7t9!19sChIJ5U2kF67vNToRTECOEMftwYc?authuser=0&hl=en&rclk=1
49,Vedajanani Pooja Stores,"Thatha Buildings, Sivalayam Road, near Zilla Parishad Office",Religious goods store,094931 09046,5.0,(1),https://www.google.com/maps/place/Vedajanani+Pooja+Stores/data=!4m7!3m6!1s0x3a4b0104473f5e85:0xc9b9636a46c6a2e2!8m2!3d15.5024087!4d80.0460873!16s%2Fg%2F11f61pvvt5!19sChIJhV4_RwQBSzoR4qLGRmpjuck?authuser=0&hl=en&rclk=1
50,Laxmiganapathi pooja stores.,"Samsung showroom bazar, vartakasangam bazar Vartaka sangam bazar",Store,091828 77678,4.8,(59),https://www.google.com/maps/place/Laxmiganapathi+pooja+stores./data=!4m7!3m6!1s0x3a3502f8cde2f359:0xdb2fe6ef496a97a!8m2!3d17.0003204!4d79.9619205!16s%2Fg%2F11d_7qfz0n!19sChIJWfPizfgCNToReqmW9G7-sg0?authuser=0&hl=en&rclk=1
51,SRI RAMA POOJA SAMAGRI SHOP,"Ramula Vaari, 1, Sannidhi Street, opposite Chinna Bazar Street",Store,070755 26444,5.0,(1),https://www.google.com/maps/place/SRI+RAMA+POOJA+SAMAGRI+SHOP/data=!4m7!3m6!1s0x3a4d4b0da15c7a47:0xd55057646bfb573d!8m2!3d13.6349711!4d79.4160996!16s%2Fg%2F11tkbq0cn4!19sChIJR3pcoQ1LTToRPVf7a2RXUNU?authuser=0&hl=en&rclk=1
52,Balaji Pooja Samagri,"8, Market St",Grocery store,063022 68653,4.8,(4),https://www.google.com/maps/place/Balaji+Pooja+Samagri/data=!4m7!3m6!1s0x3a38276636790a8f:0xb61ecb3100ea05bf!8m2!3d16.9484851!4d82.2351516!16s%2Fg%2F11tnjxmrq7!19sChIJjwp5NmYnODoRvwXqADHLHrY?authuser=0&hl=en&rclk=1
53,Karthikeya pooja stores,"4/5, opp. pizza world, opp. ICICI Bank",Religious goods store,,4.7,(19),https://www.google.com/maps/place/Karthikeya+pooja+stores/data=!4m7!3m6!1s0x3a4a75cc8edd8701:0xecfa86837988aa!8m2!3d16.3043372!4d80.4442004!16s%2Fg%2F11j4ry27bp!19sChIJAYfdjsx1SjoRqoh5g4b67AA?authuser=0&hl=en&rclk=1
54,Bhavani Pooja samagri,"15-1-12,opp vegtable market,potti sriramulu road, Mandapeta Market Road",General store,093964 80513,3.7,(9),https://www.google.com/maps/place/Bhavani+Pooja+samagri/data=!4m7!3m6!1s0x3a3796971ffd3ec7:0xbfd86e90552198aa!8m2!3d16.862409!4d81.927543!16s%2Fg%2F11c1lxnkfy!19sChIJxz79H5eWNzoRqpghVZBu2L8?authuser=0&hl=en&rclk=1
55,om sai pooja crafts,MG Rd,Home goods store,073966 18722,4.5,(15),https://www.google.com/maps/place/om+sai+pooja+crafts/data=!4m7!3m6!1s0x3a35fb4ec9af231b:0xa283107ad3b2fc69!8m2!3d16.4928582!4d80.665388!16s%2Fg%2F11m_yjzm3l!19sChIJGyOvyU77NToRafyy03oQg6I?authuser=0&hl=en&rclk=1
56,Bhimalingeswara Pooja store,"Back side of, Ramadevi hospital line, Pathuru Sivaalayam St",Supermarket,063027 66082,4.7,(3),https://www.google.com/maps/place/Bhimalingeswara+Pooja+store/data=!4m7!3m6!1s0x3a4a81972810cf95:0x5792ef03b0964c23!8m2!3d16.2385108!4d80.0484467!16s%2Fg%2F11sf2ckjfv!19sChIJlc8QKJeBSjoRI0yWsAPvklc?authuser=0&hl=en&rclk=1
57,Sri Durga Sai Pooja samagri,"first bus Stop, beside Rajiv nagar",Religious goods store,080080 48163,3.6,(7),https://www.google.com/maps/place/Sri+Durga+Sai+Pooja+samagri/data=!4m7!3m6!1s0x3a396fc98fefa035:0xf0bb075abda8eb95!8m2!3d17.6947043!4d83.1558105!16s%2Fg%2F11q3d2nnfy!19sChIJNaDvj8lvOToRleuovVoHu_A?authuser=0&hl=en&rclk=1
58,Sri Adhitya Puja Samagri Shop,"Q6G8+9P5, Main Rd",Religious goods store,091773 54575,3.7,(10),https://www.google.com/maps/place/Sri+Adhitya+Puja+Samagri+Shop/data=!4m7!3m6!1s0x3a3967b03ae18c9d:0xeaac11b3139d8893!8m2!3d17.7758911!4d83.2168606!16s%2Fg%2F11bbrhzh2_!19sChIJnYzhOrBnOToRk4idE7MRrOo?authuser=0&hl=en&rclk=1
59,Sri Venkata Lakshmi Ganapati Pooja and General Stores,Bhavanipuram Housing Board Rd,Store,095730 63975,5.0,(2),https://www.google.com/maps/place/Sri+Venkata+Lakshmi+Ganapati+Pooja+and+General+Stores/data=!4m7!3m6!1s0x3a35ef3db8804d49:0xb9e4de0c8f8a215f!8m2!3d16.5340075!4d80.5977017!16s%2Fg%2F11pbhp6z3_!19sChIJSU2AuD3vNToRXyGKjwze5Lk?authuser=0&hl=en&rclk=1
60,Sri Srinivasa Poojasamagri,49-14-15/2,Religious goods store,,4.4,(5),https://www.google.com/maps/place/Sri+Srinivasa+Poojasamagri/data=!4m7!3m6!1s0x3a3943f53443bc73:0xb4f9b163d770c809!8m2!3d17.733016!4d83.302559!16s%2Fg%2F11mpd4lxqc!19sChIJc7xDNPVDOToRCchw12Ox-bQ?authuser=0&hl=en&rclk=1
61,Vijaya Lakshmi Pooja General Stores,"D.No: 23-22, 20, Hanuman St",General store,0866 253 9422,4.0,(8),https://www.google.com/maps/place/Vijaya+Lakshmi+Pooja+General+Stores/data=!4m7!3m6!1s0x3a35eff876e8b727:0xf628c27799e997ad!8m2!3d16.5227943!4d80.6327703!16s%2Fg%2F1hm49zf7l!19sChIJJ7fodvjvNToRrZfpmXfCKPY?authuser=0&hl=en&rclk=1
62,Vijaya Lakshmi Pooja General Stores,"D.No: 23-22, 20, Hanuman St",General store,0866 253 9422,4.0,(8),https://www.google.com/maps/place/Vijaya+Lakshmi+Pooja+General+Stores/data=!4m7!3m6!1s0x3a35eff876e8b727:0xf628c27799e997ad!8m2!3d16.5227943!4d80.6327703!16s%2Fg%2F1hm49zf7l!19sChIJJ7fodvjvNToRrZfpmXfCKPY?authuser=0&hl=en&rclk=1
63,Sri Shirdi Sai Pooja Store,"GJ8P+6VH, Eluru Rd",Store,099854 50691,5.0,(1),https://www.google.com/maps/place/Sri+Shirdi+Sai+Pooja+Store/data=!4m7!3m6!1s0x3a35e55fd3748b9d:0x87fc65c7ecd459ef!8m2!3d16.5155557!4d80.6372273!16s%2Fg%2F11rc__p6pz!19sChIJnYt001_lNToR71nU7Mdl_Ic?authuser=0&hl=en&rclk=1
64,Gowthami Pooja Collections,"3-172, Main Rd",Religious goods store,098661 44896,5.0,(1),https://www.google.com/maps/place/Gowthami+Pooja+Collections/data=!4m7!3m6!1s0x3a395ca157e7e7b3:0x1bdd3a0acf0e8384!8m2!3d17.7634602!4d83.3309058!16s%2Fg%2F1s048t23_!19sChIJs-fnV6FcOToRhIMOzwo63Rs?authuser=0&hl=en&rclk=1
65,Sriram Pooja Store,"Shop NO-23, Good Will Complex, opp. Forest Office",General store,080088 88278,5.0,(1),https://www.google.com/maps/place/Sriram+Pooja+Store/data=!4m7!3m6!1s0x3a4abd06308af27f:0x796314aecb3060fa!8m2!3d16.0500722!4d79.7394024!16s%2Fg%2F11tjjs_r4k!19sChIJf_KKMAa9SjoR-mAwy64UY3k?authuser=0&hl=en&rclk=1
66,Sri Vydehi Pooja Bhandar,46-15-2\2 48 bustop,Religious goods store,093486 68117,4.8,(5),https://www.google.com/maps/place/Sri+Vydehi+Pooja+Bhandar/data=!4m7!3m6!1s0x3a3943bad0ae31fd:0x7369928475779e73!8m2!3d17.7272745!4d83.2996152!16s%2Fg%2F11mtgt5jqg!19sChIJ_TGu0LpDOToRc553dYSSaXM?authuser=0&hl=en&rclk=1
67,Om Vasavi Sugandhalayam (Regd),·,Wedding store,092466 52667,4.4,(100),https://www.google.com/maps/place/Om+Vasavi+Sugandhalayam+%28Regd%29/data=!4m7!3m6!1s0x3a3969b1dfffbd55:0x80f83b6e131fa714!8m2!3d17.7033677!4d83.2970542!16s%2Fg%2F1tdkf1j7!19sChIJVb3_37FpOToRFKcfE247-IA?authuser=0&hl=en&rclk=1
68,Dhanush pooja samagri,"6, 6, 19-4/1, near సాయి బాబా ఆలయం",Grocery store,,4.0,(4),https://www.google.com/maps/place/Dhanush+pooja+samagri/data=!4m7!3m6!1s0x3a3944a09f1d2e2b:0xd62da628b86efb9!8m2!3d17.7256615!4d83.3359537!16s%2Fg%2F11g6908zcf!19sChIJKy4dn6BEOToRue-Gi2LaYg0?authuser=0&hl=en&rclk=1
69,Sai Surya Coconuts Pooja Samagri And Pachari,"Door No:22-1, 100, MAINROAD, near Flower Market",Shopping mall,098664 86111,5.0,(4),https://www.google.com/maps/place/Sai+Surya+Coconuts+Pooja+Samagri+And+Pachari/data=!4m7!3m6!1s0x3a4a75d78b70ec1d:0xe7ed30ee9f4e6f3a!8m2!3d16.2893985!4d80.4467616!16s%2Fg%2F11f7pv1pfj!19sChIJHexwi9d1SjoROm9On-4w7ec?authuser=0&hl=en&rclk=1
70,Kasturi Pooja Samagri,V3QV+33R,General store,077027 10027,4.5,(2),https://www.google.com/maps/place/Kasturi+Pooja+Samagri/data=!4m7!3m6!1s0x3a350782503057e3:0x41b3d046ff8add04!8m2!3d16.8879248!4d80.0926404!16s%2Fg%2F11qg91726t!19sChIJ41cwUIIHNToRBN2K_0bQs0E?authuser=0&hl=en&rclk=1
71,Sri Ram Chandra Puja Products,"D. No. 11-49-59, Ratham Center, Sivalayam St",Religious goods store,098484 14172,3.7,(3),https://www.google.com/maps/place/Sri+Ram+Chandra+Puja+Products/data=!4m7!3m6!1s0x3a35efe01319337d:0x69e02fad5f723f74!8m2!3d16.5130714!4d80.6113786!16s%2Fg%2F1q62hc8mw!19sChIJfTMZE-DvNToRdD9yX60v4Gk?authuser=0&hl=en&rclk=1
72,Srinivasa Pooja Bhandar,"Sivalayam St, opp. shivalayam temple",Religious goods store,,5.0,(1),https://www.google.com/maps/place/Srinivasa+Pooja+Bhandar/data=!4m7!3m6!1s0x3a37c9120948f07d:0x91d5bfc0d80e6a8b!8m2!3d16.6893693!4d81.6072736!16s%2Fg%2F11v5fbt8t5!19sChIJffBICRLJNzoRi2oO2MC_1ZE?authuser=0&hl=en&rclk=1
73,Sri Rama Pooja Store,"Door No. 23, 11-116, Nageswara Rao Pantulu Rd",Religious goods store,092992 07650,4.0,(8),https://www.google.com/maps/place/Sri+Rama+Pooja+Store/data=!4m7!3m6!1s0x3a35eff89244de0b:0xdb30b2af071bdd81!8m2!3d16.5205214!4d80.631526!16s%2Fg%2F1q62f9_6y!19sChIJC95EkvjvNToRgd0bB6-yMNs?authuser=0&hl=en&rclk=1
74,Sri Sai Pooja Samagri,·,Religious goods store,040 2771 1178,3.9,(348),https://www.google.com/maps/place/Sri+Sai+Pooja+Samagri/data=!4m7!3m6!1s0x3bcb9a22022cff45:0xa51e1253410569a9!8m2!3d17.435312!4d78.496647!16s%2Fg%2F1vvr4pss!19sChIJRf8sAiKayzsRqWkFQVMSHqU?authuser=0&hl=en&rclk=1
75,Aacharya Silks And Pooja Store,"G5, Kanhaiyalal Complex, Main, Nehru Outer Ring Rd",Religious goods store,090635 13506,4.6,(34),https://www.google.com/maps/place/Aacharya+Silks+And+Pooja+Store/data=!4m7!3m6!1s0x3bcb936b34cdbb27:0x12d0c885857aabcb!8m2!3d17.4410773!4d78.3606226!16s%2Fg%2F11t2cmvl_w!19sChIJJ7vNNGuTyzsRy6t6hYXI0BI?authuser=0&hl=en&rclk=1
76,Gayathri Pooja Store,"High School Rd, opp. addepali internet center",Religious goods store,,,,https://www.google.com/maps/place/Gayathri+Pooja+Store/data=!4m7!3m6!1s0x3a35e55aa0522ab5:0x57e4976a459fced7!8m2!3d16.5212156!4d80.682991!16s%2Fg%2F11q90yv1_9!19sChIJtSpSoFrlNToR186fRWqX5Fc?authuser=0&hl=en&rclk=1
77,Sri Vijaya Pooja Samagri,"Near Usha Mullapudi Common, Behind South India Shopping Mall, Usha Mullapudi Road",Religious goods store,092461 16722,3.8,(127),https://www.google.com/maps/place/Sri+Vijaya+Pooja+Samagri/data=!4m7!3m6!1s0x3bcb91eadabbfb77:0xf26ff2524a3d5986!8m2!3d17.4941339!4d78.4048587!16s%2Fg%2F1pty8zj5h!19sChIJd_u72uqRyzsRhlk9SlLyb_I?authuser=0&hl=en&rclk=1
78,Gourish Puja Saman Shop,"7CXX+WXR, opposite Shivalayam Temple",Religious goods store,090638 78389,3.0,(5),https://www.google.com/maps/place/Gourish+Puja+Saman+Shop/data=!4m7!3m6!1s0x3a4a754bfae636e1:0xc7a5339cb0fa509b!8m2!3d16.299858!4d80.449901!16s%2Fg%2F11c486hw_g!19sChIJ4Tbm-kt1SjoRm1D6sJwzpcc?authuser=0&hl=en&rclk=1
79,Sree Dry Fruits & Pooja Stores,"330, near Kokila Musicals",Fruit and vegetable store,099499 87699,5.0,(1),https://www.google.com/maps/place/Sree+Dry+Fruits+%26+Pooja+Stores/data=!4m7!3m6!1s0x3bb5e733189f0ffd:0x298deb2142daf8b9!8m2!3d15.8296184!4d78.0394275!16s%2Fg%2F11sjhk5wtw!19sChIJ_Q-fGDPntTsRufjaQiHrjSk?authuser=0&hl=en&rclk=1
80,Sri Pooja Bhandar,"Back Gate, near Double Tank",Religious goods store,083099 29913,5.0,(3),https://www.google.com/maps/place/Sri+Pooja+Bhandar/data=!4m7!3m6!1s0x3a3943d95de431fd:0x72d8c5401d26f00e!8m2!3d17.6813031!4d83.2541657!16s%2Fg%2F11s61bzr5q!19sChIJ_THkXdlDOToRDvAmHUDF2HI?authuser=0&hl=en&rclk=1
81,Sri Thirumala Pooja Store,"No 4, 5th cross, Kalkere Main Road",Religious goods store,098444 11196,4.8,(10),https://www.google.com/maps/place/Sri+Thirumala+Pooja+Store/data=!4m7!3m6!1s0x3bae11266af0737f:0xa65bc9895f52705c!8m2!3d13.0204995!4d77.6782356!16s%2Fg%2F11nxsk_7wk!19sChIJf3PwaiYRrjsRXHBSX4nJW6Y?authuser=0&hl=en&rclk=1
82,JAYA KRISHNA POOJA STORES,"Sh No 1,Sivalayam Street, MG Rd",Dairy store,098487 97758,3.3,(7),https://www.google.com/maps/place/JAYA+KRISHNA+POOJA+STORES/data=!4m7!3m6!1s0x3a35ef038987d7f7:0x11fc1db42351111a!8m2!3d16.5131508!4d80.6088442!16s%2Fg%2F11rvdc6fq2!19sChIJ99eHiQPvNToRGhFRI7Qd_BE?authuser=0&hl=en&rclk=1
83,Sri Vijaya Pooja Samagri,·,Religious goods store,084134 02224,3.7,(250),https://www.google.com/maps/place/Sri+Vijaya+Pooja+Samagri/data=!4m7!3m6!1s0x3bcb9418e2364975:0xdb7348b4c7f2f304!8m2!3d17.4007706!4d78.3788736!16s%2Fg%2F11btwk25_g!19sChIJdUk24hiUyzsRBPPyx7RIc9s?authuser=0&hl=en&rclk=1
84,Sri Sri Sai Pooja Samagri,·,Religious goods store,076619 46060,4.0,(475),https://www.google.com/maps/place/Sri+Sri+Sai+Pooja+Samagri/data=!4m7!3m6!1s0x3bcb91eaec77b659:0x7e0c51dabc4912d0!8m2!3d17.4864486!4d78.3948051!16s%2Fg%2F1ptxynwzj!19sChIJWbZ37OqRyzsR0BJJvNpRDH4?authuser=0&hl=en&rclk=1
85,Sri Balaji Pooja Samagri,·,Religious goods store,077801 27448,4.7,(205),https://www.google.com/maps/place/Sri+Balaji+Pooja+Samagri/data=!4m7!3m6!1s0x3bcb926c437fce9f:0x32d73eaf9ae50fd9!8m2!3d17.497999!4d78.357743!16s%2Fg%2F12qhgtxq2!19sChIJn85_Q2ySyzsR2Q_lmq8-1zI?authuser=0&hl=en&rclk=1
86,Sri Vijaya Sai Puja Samagri Stores,"X6VV+R7Q, Sarpavaram Jct",Religious goods store,094923 25873,1.7,(3),https://www.google.com/maps/place/Sri+Vijaya+Sai+Puja+Samagri+Stores/data=!4m7!3m6!1s0x3a38284ea1ab4b4f:0x6bce79567f2378b1!8m2!3d16.9945836!4d82.2432372!16s%2Fg%2F11c5wwf6mz!19sChIJT0uroU4oODoRsXgjf1Z5zms?authuser=0&hl=en&rclk=1
87,Tirumala Pooja Store,·,Religious goods store,097002 10846,4.5,(24),https://www.google.com/maps/place/Tirumala+Pooja+Store/data=!4m7!3m6!1s0x3bcb9a18e9edd839:0x60e74f11a288dd5!8m2!3d17.435902!4d78.49614!16s%2Fg%2F124yqn7w0!19sChIJOdjt6RiayzsR1Y0oGvF0DgY?authuser=0&hl=en&rclk=1
88,Paavan Dattatreya Pooja Store,"Borra Apparao Complex,Borra Apparao Street",Religious goods store,,,,https://www.google.com/maps/place/Paavan+Dattatreya+Pooja+Store/data=!4m7!3m6!1s0x3a35ef9d9e13e3bb:0x419cad80305a420c!8m2!3d16.5415186!4d80.5804886!16s%2Fg%2F11spmqc45j!19sChIJu-MTnp3vNToRDEJaMICtnEE?authuser=0&hl=en&rclk=1
89,sri sai durga pooja samagri wholesale and retail,"LIG-89, Green Hills Rd",Religious goods store,094408 91550,4.9,(46),https://www.google.com/maps/place/sri+sai+durga+pooja+samagri+wholesale+and+retail/data=!4m7!3m6!1s0x3bcb9199fedfa277:0x512c39142f487046!8m2!3d17.4677261!4d78.3979364!16s%2Fg%2F11tnlygmyz!19sChIJd6Lf_pmRyzsRRnBILxQ5LFE?authuser=0&hl=en&rclk=1
90,SRI MAYURI POOJA SAMAGRI - Best Pooja Store In Hyderabad,"Sri mayuri pooja samagri, kphb 9th phase, bloomingdale building, ground floor Kphb 9th phase , gokul plots circle",Religious goods store,081850 33999,4.7,(85),https://www.google.com/maps/place/SRI+MAYURI+POOJA+SAMAGRI+-+Best+Pooja+Store+In+Hyderabad/data=!4m7!3m6!1s0x3bcb937b9049c4d5:0x891a075eda99f27a!8m2!3d17.4885541!4d78.3817249!16s%2Fg%2F11s4rqw31n!19sChIJ1cRJkHuTyzsRevKZ2l4HGok?authuser=0&hl=en&rclk=1
91,Sri Sai Pooja Samagri Store,"Gandhi nagar, opposite to mahila pragati kendram",Religious goods store,,,,https://www.google.com/maps/place/Sri+Sai+Pooja+Samagri+Store/data=!4m7!3m6!1s0x3a3967382dbe28cf:0x7a6a5e665a5b2716!8m2!3d17.80552!4d83.2089126!16s%2Fg%2F11y7c3zwz4!19sChIJzyi-LThnOToRFidbWmZeano?authuser=0&hl=en&rclk=1
92,Sri Vijayalaxmi Pooja Store,"Neknampur Road Huda, Neknampur",Religious goods store,092478 01307,4.7,(32),https://www.google.com/maps/place/Sri+Vijayalaxmi+Pooja+Store/data=!4m7!3m6!1s0x3bcb9520ee845dcd:0xc4857be18a2f3e2c!8m2!3d17.3944821!4d78.3743731!16s%2Fg%2F11h00pccvc!19sChIJzV2E7iCVyzsRLD4viuF7hcQ?authuser=0&hl=en&rclk=1
93,Parimala Pooja Stores,"P465+V39, Powerpet Station Rd, near Vasu Temple",Religious goods store,098485 69466,,,https://www.google.com/maps/place/Parimala+Pooja+Stores/data=!4m7!3m6!1s0x3a3614ce30f13a15:0x374a236d3bbad27f!8m2!3d16.7121644!4d81.1077361!16s%2Fg%2F11hd6q67jj!19sChIJFTrxMM4UNjoRf9K6O20jSjc?authuser=0&hl=en&rclk=1
94,"Dhaakshani All Pooja Samagri Wholesale & Retail, Hyderabad, India","back gate, My Home Vihanga Rd",Religious goods store,,4.5,(38),"https://www.google.com/maps/place/Dhaakshani+All+Pooja+Samagri+Wholesale+%26+Retail,+Hyderabad,+India/data=!4m7!3m6!1s0x3bcb93d731b87971:0xf9b625910f76dcb7!8m2!3d17.4305632!4d78.3329805!16s%2Fg%2F11q1pd_dnn!19sChIJcXm4MdeTyzsRt9x2D5Eltvk?authuser=0&hl=en&rclk=1"
95,Sri Guru Datta Pooja Stores,"5-29/1/4, Sri Laxmi Nagar colony, opp. to Yati House Restaurant (Aahar Restaurant, near Indira Gandhi Statue",Religious goods store,090525 33555,4.2,(115),https://www.google.com/maps/place/Sri+Guru+Datta+Pooja+Stores/data=!4m7!3m6!1s0x3bcb9ac67695e8cb:0xeda5b47fdabd1a85!8m2!3d17.5081376!4d78.504059!16s%2Fg%2F11gfm9y8lf!19sChIJy-iVdsaayzsRhRq92n-0pe0?authuser=0&hl=en&rclk=1
96,VALLI POOJA STORES,"26 THADIBOINAVARIVEEDI, D.NO.2-2, near HAPPY HOSPITALS",General store,098481 25578,,,https://www.google.com/maps/place/VALLI+POOJA+STORES/data=!4m7!3m6!1s0x3a4a072a4858b887:0xd20b6279cc16e3d4!8m2!3d16.238561!4d80.6513226!16s%2Fg%2F11n0f1__bk!19sChIJh7hYSCoHSjoR1OMWzHliC9I?authuser=0&hl=en&rclk=1
97,Sri Vijaya Pooja Samagri,·,Religious goods store,040 4012 3778,4.4,(27),https://www.google.com/maps/place/Sri+Vijaya+Pooja+Samagri/data=!4m7!3m6!1s0x3bcb911c07f6c065:0xf9013dd1dfbb463c!8m2!3d17.45417!4d78.423989!16s%2Fg%2F1pp2twyp1!19sChIJZcD2BxyRyzsRPEa739E9Afk?authuser=0&hl=en&rclk=1
98,Sri Dhanalakshmi Pooja Samagri Stores,"G24G+C83, Mangamuru Rd",Religious goods store,094946 59740,,,https://www.google.com/maps/place/Sri+Dhanalakshmi+Pooja+Samagri+Stores/data=!4m7!3m6!1s0x3a4b0175d496fecd:0xb232ab18cca3f2c6!8m2!3d15.5060053!4d80.0257931!16s%2Fg%2F11f66v2bns!19sChIJzf6W1HUBSzoRxvKjzBirMrI?authuser=0&hl=en&rclk=1
99,Sri Venkateswara pooja and general store,"24-7-3, Jannavittula, Vanapalavari St",Grocery store,098859 02922,5.0,(2),https://www.google.com/maps/place/Sri+Venkateswara+pooja+and+general+store/data=!4m7!3m6!1s0x3a35ef7720a80601:0xed00eb9192704f90!8m2!3d16.5180906!4d80.6311983!16s%2Fg%2F11fl767zrm!19sChIJAQaoIHfvNToRkE9wkpHrAO0?authuser=0&hl=en&rclk=1
100,MARUTHI POOJA STORES & HOME NEEDS,Road No. 5,Grocery store,092474 04546,4.4,(27),https://www.google.com/maps/place/MARUTHI+POOJA+STORES+%26+HOME+NEEDS/data=!4m7!3m6!1s0x3bcb98c69b9eb999:0x62c0393492351d48!8m2!3d17.3671318!4d78.5506997!16s%2Fg%2F1ygbbbgqw!19sChIJmbmem8aYyzsRSB01kjQ5wGI?authuser=0&hl=en&rclk=1
101,Bhavani Crafts,"Dr, 56-4-5/1, High School Rd",Craft store,092464 77556,4.1,(42),https://www.google.com/maps/place/Bhavani+Crafts/data=!4m7!3m6!1s0x3a35fac3294d1837:0x1bbc2541bb4093c8!8m2!3d16.494128!4d80.665517!16s%2Fg%2F11gfcxht70!19sChIJNxhNKcP6NToRyJNAu0ElvBs?authuser=0&hl=en&rclk=1
102,Sabaramalaih Pooja Stores,"Dr No.20/25, Opp. S.M Agencies, Besides Sai Mallikarjuna Traders Gandhi Road, Maldar St",Herb shop,098498 59942,,,https://www.google.com/maps/place/Sabaramalaih+Pooja+Stores/data=!4m7!3m6!1s0x3bb14b20b1b9a117:0x95177c0b46692272!8m2!3d14.679849!4d77.608608!16s%2Fg%2F11gy2j3_j7!19sChIJF6G5sSBLsTsRciJpRgt8F5U?authuser=0&hl=en&rclk=1
103,Prasad pooja store,"Kanchili - Sompeta Rd, near railway station, beside maruti hospital",Store,,,,https://www.google.com/maps/place/Prasad+pooja+store/data=!4m7!3m6!1s0x3a3d13b56d32ae77:0xbcd588432583c83b!8m2!3d18.9801968!4d84.5818512!16s%2Fg%2F11vljmttj2!19sChIJd64ybbUTPToRO8iDJUOI1bw?authuser=0&hl=en&rclk=1
104,SRI RAMA POOJA SAMAGRI & KIRANA AND GENERAL STORE,"6-279/10, opposite Sri Apnabazar, near vegetable market",General store,,3.2,(11),https://www.google.com/maps/place/SRI+RAMA+POOJA+SAMAGRI+%26+KIRANA+AND+GENERAL+STORE/data=!4m7!3m6!1s0x3bcb918576fc3313:0xf0bf394f6127122c!8m2!3d17.4957387!4d78.4558391!16s%2Fg%2F11n13hhh5b!19sChIJEzP8doWRyzsRLBInYU85v_A?authuser=0&hl=en&rclk=1
105,Sri Sai Ram Pooja Samagri Stores,·,Grocery store,090304 26427,4.1,(63),https://www.google.com/maps/place/Sri+Sai+Ram+Pooja+Samagri+Stores/data=!4m7!3m6!1s0x3bcb91296826f119:0x3d47a51f430ee131!8m2!3d17.4311563!4d78.4257783!16s%2Fg%2F11bwh5vyc0!19sChIJGfEmaCmRyzsRMeEOQx-lRz0?authuser=0&hl=en&rclk=1
106,Naresh Pooja Samagri,"Shop No. 4-123, Manjeera Rd, opp. Vicky Function Hall",Religious goods store,095056 20928,4.3,(27),https://www.google.com/maps/place/Naresh+Pooja+Samagri/data=!4m7!3m6!1s0x3bcb92916031111b:0xc6ca68c5ccc33145!8m2!3d17.4941994!4d78.3232135!16s%2Fg%2F1pv0cg_3w!19sChIJGxExYJGSyzsRRTHDzMVoysY?authuser=0&hl=en&rclk=1
107,Lakshmi manikanta Pooja store,near ayyappa swamy temple arch,Religious goods store,098667 70699,,,https://www.google.com/maps/place/Lakshmi+manikanta+Pooja+store/data=!4m7!3m6!1s0x3a4a751172e03fe3:0x6820a2f27c314e09!8m2!3d16.2868156!4d80.4381211!16s%2Fg%2F11v59dd0cl!19sChIJ4z_gchF1SjoRCU4xfPKiIGg?authuser=0&hl=en&rclk=1
108,poojadhravyam18 POOJA SAMAGRI STORE,·,Gift shop,090006 66149,4.4,(52),https://www.google.com/maps/place/poojadhravyam18+POOJA+SAMAGRI+STORE/data=!4m7!3m6!1s0x3bcb9927b519c3a1:0x1c938dd0ccb4e0b!8m2!3d17.4091629!4d78.5440797!16s%2Fg%2F11f3cmxpyh!19sChIJocMZtSeZyzsRC07LDN04yQE?authuser=0&hl=en&rclk=1
109,A. Narsing Rao Pooja Samagri Stores,"10-1, 327, Street Number 7",Religious goods store,092475 82076,4.1,(18),https://www.google.com/maps/place/A.+Narsing+Rao+Pooja+Samagri+Stores/data=!4m7!3m6!1s0x3bcb9741333a2079:0x75048092b8ac5397!8m2!3d17.4088728!4d78.4566276!16s%2Fg%2F1ptx0l2y5!19sChIJeSA6M0GXyzsRl1OsuJKABHU?authuser=0&hl=en&rclk=1
110,PUJITA PUJA STORES,"Behind Vijayawada Tea Center, MVR Complex, Road",General store,080191 92133,1.0,(1),https://www.google.com/maps/place/PUJITA+PUJA+STORES/data=!4m7!3m6!1s0x3a37b5cad5f58e29:0xa1717e06d0b887ea!8m2!3d16.8051598!4d81.5305656!16s%2Fg%2F11rhrhzlh1!19sChIJKY711cq1NzoR6oe40AZ-caE?authuser=0&hl=en&rclk=1
111,Om Gayatri Sugandhalayam,"29-37-18B, Eluru Rd",Religious goods store,0866 243 1290,4.8,(5),https://www.google.com/maps/place/Om+Gayatri+Sugandhalayam/data=!4m7!3m6!1s0x3a35e55338adbfc3:0x6968de5f77b04d45!8m2!3d16.5153331!4d80.6374906!16s%2Fg%2F11g896xpq2!19sChIJw7-tOFPlNToRRU2wd1_eaGk?authuser=0&hl=en&rclk=1
112,Hanuman pooja store,·,Religious goods store,098662 77222,4.9,(37),https://www.google.com/maps/place/Hanuman+pooja+store/data=!4m7!3m6!1s0x3bcb9f5a2df93657:0x108df900b9230a58!8m2!3d17.3984141!4d78.6051932!16s%2Fg%2F11ncbnw4mf!19sChIJVzb5LVqfyzsRWAojuQD5jRA?authuser=0&hl=en&rclk=1
113,Ayyappa Pooja Corner,"8-24-103, Main Rd",General store,079939 59500,3.7,(3),https://www.google.com/maps/place/Ayyappa+Pooja+Corner/data=!4m7!3m6!1s0x3a37a47300ed9cf1:0x89dc41e7fa9da858!8m2!3d17.0026663!4d81.7706379!16s%2Fg%2F1262fdkqp!19sChIJ8ZztAHOkNzoRWKid-udB3Ik?authuser=0&hl=en&rclk=1
114,Krishna Pooja Samagri,"13-63, Main Road",Craft store,094142 12331,4.2,(54),https://www.google.com/maps/place/Krishna+Pooja+Samagri/data=!4m7!3m6!1s0x3bcb8d5634b7cba9:0x88ae71ae74632326!8m2!3d17.5116017!4d78.3017948!16s%2Fg%2F11c702w53j!19sChIJqcu3NFaNyzsRJiNjdK5xrog?authuser=0&hl=en&rclk=1
115,Sri Padmalaya Pooja Stores,1-93/3/12/1,Religious goods store,079951 99984,4.4,(25),https://www.google.com/maps/place/Sri+Padmalaya+Pooja+Stores/data=!4m7!3m6!1s0x3bcb9508e31eddd3:0x467cf58ee68197f8!8m2!3d17.4058733!4d78.3751377!16s%2Fg%2F11qg5r_rpx!19sChIJ090e4wiVyzsR-JeB5o71fEY?authuser=0&hl=en&rclk=1
116,Sree Lakshmi Pooja Stores,·,Collectibles store,085229 61855,4.1,(27),https://www.google.com/maps/place/Sree+Lakshmi+Pooja+Stores/data=!4m7!3m6!1s0x3bcb93cba97b0cad:0x38b67f0c0b56c897!8m2!3d17.4653984!4d78.3648618!16s%2Fg%2F11b67nl_gk!19sChIJrQx7qcuTyzsRl8hWCwx_tjg?authuser=0&hl=en&rclk=1
117,Trinetra Pooja Samagri,·,Religious goods store,090002 82325,3.9,(36),https://www.google.com/maps/place/Trinetra+Pooja+Samagri/data=!4m7!3m6!1s0x3bcb9c794d9926d5:0x64eef0d07b41ceb0!8m2!3d17.4859721!4d78.556225!16s%2Fg%2F11j154pbs3!19sChIJ1SaZTXmcyzsRsM5Be9Dw7mQ?authuser=0&hl=en&rclk=1
118,Shyamala Pooja Stores,Andhra bank,Home goods store,099517 43353,5.0,(1),https://www.google.com/maps/place/Shyamala+Pooja+Stores/data=!4m7!3m6!1s0x3bcb9761d6fa9bb7:0x451aaa19ff3ed23f!8m2!3d17.394755!4d78.4515285!16s%2Fg%2F11s0q00k3r!19sChIJt5v61mGXyzsRP9I-_xmqGkU?authuser=0&hl=en&rclk=1
119,Sri Pooja Electricals & Sanitary,"Patti Vari Street, Shop 6, Gandhi Rd",Electrical supply store,099890 86810,5.0,(2),https://www.google.com/maps/place/Sri+Pooja+Electricals+%26+Sanitary/data=!4m7!3m6!1s0x3a4b0106b39f7487:0x8400f8b906747c19!8m2!3d15.5000772!4d80.0470294!16s%2Fg%2F11c0rq3mlt!19sChIJh3SfswYBSzoRGXx0Brn4AIQ?authuser=0&hl=en&rclk=1
120,Satish Stores,·,Religious goods store,093415 55111,4.1,"(1,193)",https://www.google.com/maps/place/Satish+Stores/data=!4m7!3m6!1s0x3bae1592c0000001:0x4c8fb0c2e6359a39!8m2!3d12.9449572!4d77.5711555!16s%2Fg%2F1tdsh6jv!19sChIJAQAAwJIVrjsROZo15sKwj0w?authuser=0&hl=en&rclk=1
121,"Sri Srinivasa pooja Samagri, Kukatpally","Plot no 95, House 5, 3-185, opp. chintapatla venkaiah park",Religious goods store,,5.0,(9),"https://www.google.com/maps/place/Sri+Srinivasa+pooja+Samagri,+Kukatpally/data=!4m7!3m6!1s0x3bcb91d4d0beafed:0x4c4ff35ffbae9dce!8m2!3d17.4892281!4d78.4153019!16s%2Fg%2F11ssxb3d4s!19sChIJ7a--0NSRyzsRzp2u-1_zT0w?authuser=0&hl=en&rclk=1"
