index,Name,Address,Category,Phone,Avg_review,Reviews,Maps_url
0,MAHALAKSHMI LADIES EMPORIUM,"Shop-No-35, J C N R M Complex, NTR Circle",Clothing Accessories Store,099594 24561,4.6,14,https://www.google.com/maps/place/MAHALAKSHMI+LADIES+EMPORIUM/data=!4m7!3m6!1s0x3bb41caea6fb9c5f:0x8c79d182b435a371!8m2!3d14.9080605!4d78.0129481!16s%2Fg%2F11ddx4t40_!19sChIJX5z7pq4ctDsRcaM1tILReYw?authuser=0&hl=en&rclk=1
1,LADIES EMPORIUM,·,Wedding store,088865 99945,4.0,4,https://www.google.com/maps/place/LADIES+EMPORIUM/data=!4m7!3m6!1s0x3bb14adb24a991df:0xe26c131c253bb41!8m2!3d14.6818741!4d77.5973904!16s%2Fg%2F11c4p_zfgc!19sChIJ35GpJNtKsTsRQbtTwjHBJg4?authuser=0&hl=en&rclk=1
2,Archana Ladies Emporium,"WH3G+3G2, Kurichedu Road, Vinukonda - Darsi Rd",Shopping mall,,4.3,27,https://www.google.com/maps/place/Archana+Ladies+Emporium/data=!4m7!3m6!1s0x3a4ac7b506eb2529:0x2376218de127a06f!8m2!3d15.9026437!4d79.5762565!16s%2Fg%2F11bbrfzj_2!19sChIJKSXrBrXHSjoRb6An4Y0hdiM?authuser=0&hl=en&rclk=1
3,SRI VENKATESWARA LADIES EMPORIUM,"8C5Q+GJH, opposite 2nd Lane, near శ్రీ వేంకటేశ్వర స్వామి దేవస్థానం",Women's clothing store,,4.8,8,https://www.google.com/maps/place/SRI+VENKATESWARA+LADIES+EMPORIUM/data=!4m7!3m6!1s0x3a4a750070a3c7db:0x6103b0da601cb773!8m2!3d16.3088125!4d80.4391094!16s%2Fg%2F11ld53t1ch!19sChIJ28ejcAB1SjoRc7ccYNqwA2E?authuser=0&hl=en&rclk=1
4,Arshes Fashions And Ladies Emporium,"Shop No, 2Balaji Nagar, Amaravathi Rd",Boutique,098665 96053,5.0,112,https://www.google.com/maps/place/Arshes+Fashions+And+Ladies+Emporium/data=!4m7!3m6!1s0x3a358b34647e7de5:0x8e9b52932b0c11a9!8m2!3d16.327639!4d80.437878!16s%2Fg%2F11tg8tgf_8!19sChIJ5X1-ZDSLNToRqREMK5NSm44?authuser=0&hl=en&rclk=1
5,Alma ladies emporium,WFWW+J9H,Women's clothing store,,4.0,1,https://www.google.com/maps/place/Alma+ladies+emporium/data=!4m7!3m6!1s0x3bb6c7003cc0016d:0x3f57455d75ff5cb0!8m2!3d14.9465714!4d77.4959895!16s%2Fg%2F11x1vqtwc9!19sChIJbQHAPADHtjsRsFz_dV1FVz8?authuser=0&hl=en&rclk=1
6,MAHIMA LADIES EMPORIUM,Jan-21,General store,093923 06733,4.2,5,https://www.google.com/maps/place/MAHIMA+LADIES+EMPORIUM/data=!4m7!3m6!1s0x3a35a9d765ce50af:0x584dbfd6e598991a!8m2!3d16.8966861!4d80.1066218!16s%2Fg%2F11pyc3flsl!19sChIJr1DOZdepNToRGpmY5da_TVg?authuser=0&hl=en&rclk=1
7,Harika Ladies Emporium,opposite Police Station,Novelty store,,5.0,5,https://www.google.com/maps/place/Harika+Ladies+Emporium/data=!4m7!3m6!1s0x3a4a75b4cdf2057d:0x823680a5bf9010e9!8m2!3d16.3002549!4d80.4474464!16s%2Fg%2F11pts7_h38!19sChIJfQXyzbR1SjoR6RCQv6WANoI?authuser=0&hl=en&rclk=1
8,Gayatri Emporium Exclusive Ladies Fancy,Mavullama Temple street,Shopping mall,099895 66659,3.5,10,https://www.google.com/maps/place/Gayatri+Emporium+Exclusive+Ladies+Fancy/data=!4m7!3m6!1s0x3a37d2aee48773d5:0xf165fec56cb8d1d!8m2!3d16.543029!4d81.5239888!16s%2Fg%2F11c71cxvrc!19sChIJ1XOH5K7SNzoRHY3LVuxfFg8?authuser=0&hl=en&rclk=1
9,Samrajyam Womens Emporium,"Shop Number 1, Kalanagar, 1st Ln",Women's clothing store,099636 53535,5.0,2,https://www.google.com/maps/place/Samrajyam+Womens+Emporium/data=!4m7!3m6!1s0x3a35fb30e0e0379f:0x31d36500e11e892b!8m2!3d16.4937544!4d80.6463241!16s%2Fg%2F11sbsgkbc9!19sChIJnzfg4DD7NToRK4ke4QBl0zE?authuser=0&hl=en&rclk=1
10,BABU EMPORIUM,·,Shopping mall,097045 22225,3.9,541,https://www.google.com/maps/place/BABU+EMPORIUM/data=!4m7!3m6!1s0x3a37b7f90a4a7841:0x8b29d1ae22b17cae!8m2!3d16.7531561!4d81.6872882!16s%2Fg%2F12mkw90zc!19sChIJQXhKCvm3NzoRrnyxIq7RKYs?authuser=0&hl=en&rclk=1
11,RAJA FANCY & LADIES EMPORIUM,Rajiv Park Rd,General store,096768 38332,5.0,2,https://www.google.com/maps/place/RAJA+FANCY+%26+LADIES+EMPORIUM/data=!4m7!3m6!1s0x3bb3720d330ad3fb:0xa57481369388de94!8m2!3d14.4617232!4d78.8287782!16s%2Fg%2F11tmr_tl1k!19sChIJ-9MKMw1yszsRlN6IkzaBdKU?authuser=0&hl=en&rclk=1
12,Sri Siva Saravana Ladies Emporium,"Door No.12-1-26, Beside Kanumuri Hospital, Shanakhayala Factory Road, Kothapet",Stationery store,093964 04962,5.0,1,https://www.google.com/maps/place/Sri+Siva+Saravana+Ladies+Emporium/data=!4m7!3m6!1s0x3a4a754e9f21a759:0xbd62a6030b6dbc44!8m2!3d16.302066!4d80.449069!16s%2Fg%2F11c46nn3c2!19sChIJWachn051SjoRRLxtCwOmYr0?authuser=0&hl=en&rclk=1
13,Lepakshi Handicrafts Emporium,"M9J2+67G, Sankumitta Road, Lepakshi Cir Underpass, near Lepakshi Circle",Handicraft,,4.2,"1,978",https://www.google.com/maps/place/Lepakshi+Handicrafts+Emporium/data=!4m7!3m6!1s0x3bb2b563b7c1f495:0x61403af2f32c7469!8m2!3d13.6804832!4d79.3505154!16s%2Fg%2F1tk1lfkb!19sChIJlfTBt2O1sjsRaXQs8_I6QGE?authuser=0&hl=en&rclk=1
14,Rekha's Ladies Emporium & Gifts,"F29J+43M, Ashok Nagar Main Road, Mypadu Rd, near Bharath Petroleum",Gift shop,096400 75316,5.0,5,https://www.google.com/maps/place/Rekha%27s+Ladies+Emporium+%26+Gifts/data=!4m7!3m6!1s0x3a4c8bcf4c050b11:0x41781e072175342d!8m2!3d14.4678275!4d80.030163!16s%2Fg%2F11sf6j3pf6!19sChIJEQsFTM-LTDoRLTR1IQceeEE?authuser=0&hl=en&rclk=1
15,Tarini Emporium,beside PottiSreeramulu Statue,Women's clothing store,,5.0,8,https://www.google.com/maps/place/Tarini+Emporium/data=!4m7!3m6!1s0x3a3631bc56bfb787:0x3f1aad63feddbdab!8m2!3d16.5813908!4d81.3745662!16s%2Fg%2F11y6b0xb6c!19sChIJh7e_VrwxNjoRq73d_mOtGj8?authuser=0&hl=en&rclk=1
16,Visalakshi Ladies Emporium,"GMCQ+WC9, Temple Road, near Sai Baba",Cosmetics store,096762 81851,4.5,2,https://www.google.com/maps/place/Visalakshi+Ladies+Emporium/data=!4m7!3m6!1s0x3a35e4ce1f2a644d:0x3775d17370000000!8m2!3d16.5222935!4d80.6886091!16s%2Fg%2F11p6spvqrc!19sChIJTWQqH87kNToRAAAAcHPRdTc?authuser=0&hl=en&rclk=1
17,Bharani Ladies Emporium,Bhagat Singh Rd,Clothing alteration service,090632 61580,3.3,6,https://www.google.com/maps/place/Bharani+Ladies+Emporium/data=!4m7!3m6!1s0x3a35e5574d2fd2d3:0xea479796b288377!8m2!3d16.5256191!4d80.6387482!16s%2Fg%2F11c1w0ccfv!19sChIJ09IvTVflNToRd4Moa3l5pA4?authuser=0&hl=en&rclk=1
18,S V Botique and Ladies Emporium,6/14 St,Embroidery shop,079811 51252,5.0,3,https://www.google.com/maps/place/S+V+Botique+and+Ladies+Emporium/data=!4m7!3m6!1s0x3a4a757a678ada65:0x6e14847a0c966c0d!8m2!3d16.3057265!4d80.4319516!16s%2Fg%2F11vkhwbcqf!19sChIJZdqKZ3p1SjoRDWyWDHqEFG4?authuser=0&hl=en&rclk=1
19,Farheen jewellery & Ladies Emporium,"Built Up Rd, near Riyaz",Bangle Shop,,5.0,9,https://www.google.com/maps/place/Farheen+jewellery+%26+Ladies+Emporium/data=!4m7!3m6!1s0x3bb373f679cc0a27:0x3a5b070f0d35298f!8m2!3d14.4801091!4d78.8046286!16s%2Fg%2F11q45jjwz1!19sChIJJwrMefZzszsRjyk1DQ8HWzo?authuser=0&hl=en&rclk=1
20,City Emporium,"33-1-55, Main Rd",Novelty store,099497 68168,3.9,223,https://www.google.com/maps/place/City+Emporium/data=!4m7!3m6!1s0x3a3827e0d6eb4b99:0x86a663ff496aabe8!8m2!3d16.9479542!4d82.2340723!16s%2Fg%2F1thxjh46!19sChIJmUvr1uAnODoR6KtqSf9jpoY?authuser=0&hl=en&rclk=1
21,Sadhguru sri Rajya Lakshmi Devi Colth Emporium,"# Gurunanak Colony Road, Opp.Apiic Colony, High School Road, R. R. Gardens",Women's clothing store,095150 49759,5.0,1,https://www.google.com/maps/place/Sadhguru+sri+Rajya+Lakshmi+Devi+Colth+Emporium/data=!4m7!3m6!1s0x3a35fada1661ddf7:0xcbcf110bab9060e7!8m2!3d16.5003574!4d80.6702431!16s%2Fg%2F11c327h3_n!19sChIJ991hFtr6NToR52CQqwsRz8s?authuser=0&hl=en&rclk=1
22,Lepakshi Handicrafts Emporium,Main Rd,Handicraft,089125 08037,4.3,205,https://www.google.com/maps/place/Lepakshi+Handicrafts+Emporium/data=!4m7!3m6!1s0x3a39431ae624bc85:0xf70d363dc04f8f1b!8m2!3d17.7107102!4d83.3019439!16s%2Fg%2F1vxvg8q1!19sChIJhbwk5hpDOToRG49PwD02Dfc?authuser=0&hl=en&rclk=1
23,Isha's Ladies Fancy Shopee,·,Women's clothing store,092464 82346,3.8,30,https://www.google.com/maps/place/Isha%27s+Ladies+Fancy+Shopee/data=!4m7!3m6!1s0x3a4a756727e8217d:0x853440b947391754!8m2!3d16.3104743!4d80.4300225!16s%2Fg%2F12613xfrf!19sChIJfSHoJ2d1SjoRVBc5R7lANIU?authuser=0&hl=en&rclk=1
24,Madhavi Ladies emporium,·,Jewelry store,099087 80090,,,https://www.google.com/maps/place/Madhavi+Ladies+emporium/data=!4m7!3m6!1s0x3a4cf365d206f947:0x325b70729d0d764e!8m2!3d14.4049292!4d79.9519377!16s%2Fg%2F11x094t9jp!19sChIJR_kG0mXzTDoRTnYNnXJwWzI?authuser=0&hl=en&rclk=1
25,Queens Mehandi & Ladies emporium,·,Mehndi Designer,091770 13906,4.9,9,https://www.google.com/maps/place/Queens+Mehandi+%26+Ladies+emporium/data=!4m7!3m6!1s0x3a49f5774c4104eb:0x21782d3af539e68!8m2!3d16.0166009!4d80.8286954!16s%2Fg%2F11rk8x2w_s!19sChIJ6wRBTHf1SToRaJ5Tr9OCFwI?authuser=0&hl=en&rclk=1
26,Ladies Emporium,"Revenue Ward 1, 1-2-89/10, Gantasala Vari St",Boutique,,,,https://www.google.com/maps/place/Ladies+Emporium/data=!4m7!3m6!1s0x3a35831ecd4d5d2b:0x83382dccaeb4e713!8m2!3d16.3972847!4d80.1496181!16s%2Fg%2F11lv4v0gtk!19sChIJK11NzR6DNToRE-e0rswtOIM?authuser=0&hl=en&rclk=1
27,KUSUMA LADIES EMPOREIUM,"18/351 Main Road, Setti Gunta Rd",General store,063051 58449,5.0,2,https://www.google.com/maps/place/KUSUMA+LADIES+EMPOREIUM/data=!4m7!3m6!1s0x3a4c8dfe4cd89a7d:0x8bfa8b824c9fa517!8m2!3d14.4639689!4d79.9939687!16s%2Fg%2F11trwr9b80!19sChIJfZrYTP6NTDoRF6WfTIKL-os?authuser=0&hl=en&rclk=1
28,S K M L COSMOTICS LADIES EMPORIUM,"Pipulroad, 3rd lane",Cosmetics store,091771 99552,5.0,1,https://www.google.com/maps/place/S+K+M+L+COSMOTICS+LADIES+EMPORIUM/data=!4m7!3m6!1s0x3a35e50db85b78b9:0x8f7acc5f30595821!8m2!3d16.5438273!4d80.6427249!16s%2Fg%2F11s9mdfzdt!19sChIJuXhbuA3lNToRIVhZMF_Meo8?authuser=0&hl=en&rclk=1
29,haritha ladies emporium& tailors,"C26J+H4G, Darjipalle rd",Women's clothing store,,3.2,5,https://www.google.com/maps/place/haritha+ladies+emporium%26+tailors/data=!4m7!3m6!1s0x3bb3416f02d0e731:0xe42379a394d8cf6c!8m2!3d14.4114266!4d79.0303228!16s%2Fg%2F11fsp09pbf!19sChIJMefQAm9BszsRbM_YlKN5I-Q?authuser=0&hl=en&rclk=1
30,LADIES EMPORIUM,,Clothing store,,,,https://www.google.com/maps/place/LADIES+EMPORIUM/data=!4m7!3m6!1s0x3a358a859a46d35b:0x717480143f458960!8m2!3d16.3271661!4d80.4181558!16s%2Fg%2F11l6tmfl6r!19sChIJW9NGmoWKNToRYIlFPxSAdHE?authuser=0&hl=en&rclk=1
31,Nagaveni Ladies Emporium,CP89+P8W,Jewelry store,,,,https://www.google.com/maps/place/Nagaveni+Ladies+Emporium/data=!4m7!3m6!1s0x3bb143001a73d3c3:0x44c42eb9415b0b11!8m2!3d14.4168731!4d77.7183319!16s%2Fg%2F11lw2p3rs3!19sChIJw9NzGgBDsTsREQtbQbkuxEQ?authuser=0&hl=en&rclk=1
32,Cauvery Pretty Women,"D/no-13-1-1/C Walter main road, beside St Anthony Church",Women's clothing store,098855 60597,4.8,8,https://www.google.com/maps/place/Cauvery+Pretty+Women/data=!4m7!3m6!1s0x3a394310bd4f74d7:0x18de524fa3fea19c!8m2!3d17.7133911!4d83.3050072!16s%2Fg%2F11gfk71mfx!19sChIJ13RPvRBDOToRnKH-o09S3hg?authuser=0&hl=en&rclk=1
33,SRU FANCY & LADIES EMPORIUM,"WWGC+WX5, MDR137",Clothing store,,,,https://www.google.com/maps/place/SRU+FANCY+%26+LADIES+EMPORIUM/data=!4m7!3m6!1s0x3a3bd55b905c461d:0x936b1bbf003b7ac6!8m2!3d17.9272576!4d82.9224914!16s%2Fg%2F11y7b3lqr2!19sChIJHUZckFvVOzoRxno7AL8ba5M?authuser=0&hl=en&rclk=1
34,SRI SAI VASAVI LADIES EMPORIUM,"Kanyaka Parameshwari Shopping Complex, Radham Bazar Rd",Clothing Accessories Store,092969 50916,,,https://www.google.com/maps/place/SRI+SAI+VASAVI+LADIES+EMPORIUM/data=!4m7!3m6!1s0x3a4a3f9c9172625f:0x2e975683727027a9!8m2!3d15.9047288!4d80.4678969!16s%2Fg%2F11bcf2tztf!19sChIJX2JykZw_SjoRqSdwcoNWly4?authuser=0&hl=en&rclk=1
35,NIWARE CLOTH EMPORIUM,"J C N R M Complex, CB Rd",Women's clothing store,,5.0,1,https://www.google.com/maps/place/NIWARE+CLOTH+EMPORIUM/data=!4m7!3m6!1s0x3bb41d0051c810e7:0xdae71107052a9692!8m2!3d14.9086167!4d78.0129806!16s%2Fg%2F11x2dt232f!19sChIJ5xDIUQAdtDsRkpYqBQcR59o?authuser=0&hl=en&rclk=1
36,SAI MAHALAKSHMI LADIES EMPORIUM,"Nethaji Nagar, 1st Line",Store,090000 12099,5.0,1,https://www.google.com/maps/place/SAI+MAHALAKSHMI+LADIES+EMPORIUM/data=!4m7!3m6!1s0x3a4a11db75983775:0x1da21e70960a4e9c!8m2!3d16.0653503!4d80.5515939!16s%2Fg%2F11qg5vf1fz!19sChIJdTeYddsRSjoRnE4KlnAeoh0?authuser=0&hl=en&rclk=1
37,RR LADIES EMPORIUM,Main Road,Clothing store,070363 35211,,,https://www.google.com/maps/place/RR+LADIES+EMPORIUM/data=!4m7!3m6!1s0x3a4a1dd4a79f61f7:0xbfc90d9b959bd0f2!8m2!3d16.1031695!4d80.7842838!16s%2Fg%2F11yb106bs9!19sChIJ92Gfp9QdSjoR8tCblZsNyb8?authuser=0&hl=en&rclk=1
38,Meghana Ladies Emporium & Tailoring,C8HQ+MV8,Clothing store,,,,https://www.google.com/maps/place/Meghana+Ladies+Emporium+%26+Tailoring/data=!4m7!3m6!1s0x3a36270069e125d9:0x356849dfa378aafc!8m2!3d16.4291509!4d81.339707!16s%2Fg%2F11m5xzmtx5!19sChIJ2SXhaQAnNjoR_Kp4o99JaDU?authuser=0&hl=en&rclk=1
39,Karthik ladies emporium. Dress . Sarees,WMF5+2GP,Women's clothing store,,5.0,1,https://www.google.com/maps/place/Karthik+ladies+emporium.+Dress+.+Sarees/data=!4m7!3m6!1s0x3bb6bb001da8891d:0xd739e7f77bdb5987!8m2!3d14.9225763!4d77.6588422!16s%2Fg%2F11w54kw11t!19sChIJHYmoHQC7tjsRh1nbe_fnOdc?authuser=0&hl=en&rclk=1
40,Akash Ladies emporium,7JCG+9FP,Women's clothing store,,5.0,1,https://www.google.com/maps/place/Akash+Ladies+emporium/data=!4m7!3m6!1s0x3bb16be7e4757259:0x28831f6a60c128b4!8m2!3d14.2709512!4d77.6262044!16s%2Fg%2F11ty0sjxtn!19sChIJWXJ15OdrsTsRtCjBYGofgyg?authuser=0&hl=en&rclk=1
41,Krishna Emporium Landmark,"X62M+7CQ, Ganjam Vari St, near Big Masjid Centre",Novelty store,0884 238 4377,3.9,383,https://www.google.com/maps/place/Krishna+Emporium+Landmark/data=!4m7!3m6!1s0x3a3827e1ac0bcaf3:0xc3e731b8c281b5c5!8m2!3d16.9507104!4d82.2336584!16s%2Fg%2F1tm8h_d7!19sChIJ88oLrOEnODoRxbWBwrgx58M?authuser=0&hl=en&rclk=1
42,Blessi ladies emporium and saree center,"Rudraram, near Rudraram union bank",Women's clothing store,,,,https://www.google.com/maps/place/Blessi+ladies+emporium+and+saree+center/data=!4m7!3m6!1s0x3a3789aa6283310d:0xee2f83d216dd2f18!8m2!3d16.8799947!4d82.1461492!16s%2Fg%2F11wjny11fx!19sChIJDTGDYqqJNzoRGC_dFtKDL-4?authuser=0&hl=en&rclk=1
43,Srinivasa cut pieses & Emporium ladies and gents cloths,"35Q9+H3W, Main Rd Sharabbazar",Saree Shop,,5.0,1,https://www.google.com/maps/place/Srinivasa+cut+pieses+%26+Emporium+ladies+and+gents+cloths/data=!4m7!3m6!1s0x3a4a63006db37e13:0x85f233c0dea65c40!8m2!3d16.0889803!4d80.1676876!16s%2Fg%2F11vxxz3ggv!19sChIJE36zbQBjSjoRQFym3sAz8oU?authuser=0&hl=en&rclk=1
44,Damodar Silk Emporium - Naveen Silk House,"9-104-1, Varalakshmi Theatre Rd",Saree Shop,090302 87257,5.0,10,https://www.google.com/maps/place/Damodar+Silk+Emporium+-+Naveen+Silk+House/data=!4m7!3m6!1s0x3bb143bb8952f537:0x2737eccf9b237e!8m2!3d14.4177541!4d77.7239759!16s%2Fg%2F11s0xw7nqm!19sChIJN_VSibtDsTsRfiObz-w3JwA?authuser=0&hl=en&rclk=1
45,Kanika Ladies & Fancy store,"Door No. 10-3-34, Old Police Station Street, Beside Indian Gas",Novelty store,093931 04997,4.9,7,https://www.google.com/maps/place/Kanika+Ladies+%26+Fancy+store/data=!4m7!3m6!1s0x3a3969a8da732cdd:0x57c9e31f062766ce!8m2!3d17.684743!4d83.212276!16s%2Fg%2F1q628ps95!19sChIJ3Sxz2qhpOToRzmYnBh_jyVc?authuser=0&hl=en&rclk=1
46,Sujana Ladies Tailors & Emporium,"# 9-1-13, G.M STREET, GANDHI ROAD Backside - Apurva Textiles, T.K Street & Chandana Brothers & M.G.R Shopping Mall",Tailor,,4.9,28,https://www.google.com/maps/place/Sujana+Ladies+Tailors+%26+Emporium/data=!4m7!3m6!1s0x3a4d4b427c14b01f:0xfe54d8bed3ef80f7!8m2!3d13.6314395!4d79.4178096!16s%2Fg%2F11ll9_q5y5!19sChIJH7AUfEJLTToR94Dv077YVP4?authuser=0&hl=en&rclk=1
47,Vijetha Ladies Emporium,"Upper State Bank of India, Podili Rd",Women's clothing store,,5.0,6,https://www.google.com/maps/place/Vijetha+Ladies+Emporium/data=!4m7!3m6!1s0x3a4ac39f3b7a0d4b:0x7c63744317894932!8m2!3d15.7691238!4d79.6788911!16s%2Fg%2F11q95k0g2s!19sChIJSw16O5_DSjoRMkmJF0N0Y3w?authuser=0&hl=en&rclk=1
48,VANALAKSHMI ENTERPRISES,"#26-5-19, BOWDARA ROAD, PRASAD GARDENS NEAR RAMA KRISHNA THEATRE JN POORNA MARKET ROAD, opp. MASJID LANE",Beauty supply store,090526 28899,4.5,136,https://www.google.com/maps/place/VANALAKSHMI+ENTERPRISES/data=!4m7!3m6!1s0x3a3943f47a14dba3:0xb8a356fc1d7a34a2!8m2!3d17.7089361!4d83.2949673!16s%2Fg%2F11h0ys47mf!19sChIJo9sUevRDOToRojR6HfxWo7g?authuser=0&hl=en&rclk=1
49,SKML FANCY AND GENERAL,"P8H5+QPV, Seethammapeta Seethammapeta",Women's clothing store,063058 36262,5.0,1,https://www.google.com/maps/place/SKML+FANCY+AND+GENERAL/data=!4m7!3m6!1s0x3a3943ab3694b547:0xc19951c4779c9009!8m2!3d17.7294822!4d83.3092997!16s%2Fg%2F11rmwbt559!19sChIJR7WUNqtDOToRCZCcd8RRmcE?authuser=0&hl=en&rclk=1
50,Sai Ladies Emporium,"Plot no 546, shop no 4, mainroad, beside DTDC courier, opp. jntu",Cosmetics store,098483 84072,4.3,21,https://www.google.com/maps/place/Sai+Ladies+Emporium/data=!4m7!3m6!1s0x3bcb8e1d4bf0e4af:0x28af1eefa5ca83c7!8m2!3d17.5168186!4d78.396106!16s%2Fg%2F1pp2vh2_j!19sChIJr-TwSx2OyzsRx4PKpe8eryg?authuser=0&hl=en&rclk=1
51,Vasavi Fancy & Gift Emporium,·,Cosmetics store,081435 70123,4.0,51,https://www.google.com/maps/place/Vasavi+Fancy+%26+Gift+Emporium/data=!4m7!3m6!1s0x3a4a7533fe07b04b:0xb279ffd2538b948b!8m2!3d16.2883344!4d80.449376!16s%2Fg%2F11cn0t096l!19sChIJS7AH_jN1SjoRi5SLU9L_ebI?authuser=0&hl=en&rclk=1
52,Sri Durga Ladies Emporium & Sarees Center,"GGV7+QGH, Irrinki St",Saree Shop,,5.0,1,https://www.google.com/maps/place/Sri+Durga+Ladies+Emporium+%26+Sarees+Center/data=!4m7!3m6!1s0x3a362d0061147e0f:0x35394195b8eb3da8!8m2!3d16.5444354!4d81.5138579!16s%2Fg%2F11wgb1mbgp!19sChIJD34UYQAtNjoRqD3ruJVBOTU?authuser=0&hl=en&rclk=1
53,LADIES EMPORIUM,,,,,,https://www.google.com/maps/place/LADIES+EMPORIUM/data=!4m7!3m6!1s0x3a39690c708c51af:0xeef4cd681f0d0dfd!8m2!3d17.6738192!4d83.2019354!16s%2Fg%2F11whlq64g6!19sChIJr1GMcAxpOToR_Q0NH2jN9O4?authuser=0&hl=en&rclk=1
54,S S FASHIONS & LADIES EMPORIUM,"79R9+3WR, Hyderabad - Sattenapalli Link Rd",Women's clothing store,,,,https://www.google.com/maps/place/S+S+FASHIONS+%26+LADIES+EMPORIUM/data=!4m7!3m6!1s0x3a4a7500273dccdb:0x1df373fa5eb57eb6!8m2!3d16.2902369!4d80.3697495!16s%2Fg%2F11wv6zg2b6!19sChIJ28w9JwB1SjoRtn61Xvpz8x0?authuser=0&hl=en&rclk=1
55,SUMANJALI CLOTHE EMPORIUM,"Do/No/3A, 7-6, Thootha Vari Street, near Radhika Matching Center",Women's clothing store,092906 50480,,,https://www.google.com/maps/place/SUMANJALI+CLOTHE+EMPORIUM/data=!4m7!3m6!1s0x3a3615b3f6d44269:0x160215efd24471aa!8m2!3d16.7066376!4d81.108164!16s%2Fg%2F11sqq5fz7f!19sChIJaULU9rMVNjoRqnFE0u8VAhY?authuser=0&hl=en&rclk=1
56,SRI GAYATRI EMPORIUM,"QM3P+9X3, SUPER BAZZAR STREET OPPO SUB COURT",Cosmetics store,092961 58388,5.0,2,https://www.google.com/maps/place/SRI+GAYATRI+EMPORIUM/data=!4m7!3m6!1s0x3a37b7286cc021a1:0xcd9d5b6b0922b989!8m2!3d16.7533837!4d81.6874263!16s%2Fg%2F11rd7v_0j2!19sChIJoSHAbCi3NzoRibkiCWtbnc0?authuser=0&hl=en&rclk=1
57,BHAVANI FANCY STORE AND LADIES EMPORIUM,"Shop 1,Main Road, Road, opp. Ghs College",General store,097059 20488,5.0,1,https://www.google.com/maps/place/BHAVANI+FANCY+STORE+AND+LADIES+EMPORIUM/data=!4m7!3m6!1s0x3a377f4f0dcdab0f:0x1601ee434263fe2e!8m2!3d17.2021598!4d82.1816749!16s%2Fg%2F11t1r7crh9!19sChIJD6vNDU9_NzoRLv5jQkPuARY?authuser=0&hl=en&rclk=1
58,Shri Adilakshmi Silk Emporium,CP9G+HMX,Saree Shop,,4.0,4,https://www.google.com/maps/place/Shri+Adilakshmi+Silk+Emporium/data=!4m7!3m6!1s0x3bb143ff0707f0c9:0xb56919b6595cb7a!8m2!3d14.4189782!4d77.7267295!16s%2Fg%2F11k4spftl_!19sChIJyfAHB_9DsTsResuVZZuRVgs?authuser=0&hl=en&rclk=1
59,Murali Saree Mandir,·,Women's clothing store,092469 41444,3.8,204,https://www.google.com/maps/place/Murali+Saree+Mandir/data=!4m7!3m6!1s0x3bb3721c38be5c5f:0xa1410de9d0ab2f1c!8m2!3d14.4803159!4d78.8226476!16s%2Fg%2F11gzp4x4j!19sChIJX1y-OBxyszsRHC-r0OkNQaE?authuser=0&hl=en&rclk=1
60,Jai bhavani ladies emporium,Vadisilamma complex,Flamenco dance store,,,,https://www.google.com/maps/place/Jai+bhavani+ladies+emporium/data=!4m7!3m6!1s0x3bb1ab447dad1a3f:0xa2c10a4d7e40752!8m2!3d13.9394473!4d77.2666427!16s%2Fg%2F11v6fmrlrn!19sChIJPxqtfUSrsTsRUgfk16QQLAo?authuser=0&hl=en&rclk=1
61,Aruna Ladies Emporium,·,Women's clothing store,086398 00228,4.5,21,https://www.google.com/maps/place/Aruna+Ladies+Emporium/data=!4m7!3m6!1s0x3bcb9d1acb4caddf:0x388e41c4e8b2e8d9!8m2!3d17.5032044!4d78.5919674!16s%2Fg%2F11f5v42z_j!19sChIJ361MyxqdyzsR2eiy6MRBjjg?authuser=0&hl=en&rclk=1
62,Athiva Women's World: Your One-Stop Shop for Women's Essentials,·,Novelty store,089776 00600,4.4,113,https://www.google.com/maps/place/Athiva+Women%27s+World:+Your+One-Stop+Shop+for+Women%27s+Essentials/data=!4m7!3m6!1s0x3a35fab14be4d909:0xeaeeceeeb9ff5402!8m2!3d16.5063847!4d80.6491527!16s%2Fg%2F11gd4rtfvd!19sChIJCdnkS7H6NToRAlT_ue7O7uo?authuser=0&hl=en&rclk=1
63,Shirisha Fancy,"Shop # 5, R.R.Pet Main Road",Gift shop,088122 22468,3.7,944,https://www.google.com/maps/place/Shirisha+Fancy/data=!4m7!3m6!1s0x3a3614c9dd1d735d:0xf1c2d0f7d26ab8e9!8m2!3d16.7122873!4d81.0984892!16s%2Fg%2F11b6g8bhdk!19sChIJXXMd3ckUNjoR6bhq0vfQwvE?authuser=0&hl=en&rclk=1
64,ESWARI LADIES TAILOR,"Super Bazaar Street, side of BABU emporium gully, naresh cloth showroom back Street",Boutique,098669 58458,3.7,3,https://www.google.com/maps/place/ESWARI+LADIES+TAILOR/data=!4m7!3m6!1s0x3a37b711be7aecc3:0xb81bebcbdd5e03a6!8m2!3d16.7532019!4d81.687159!16s%2Fg%2F11gylvv3z0!19sChIJw-x6vhG3NzoRpgNe3cvrG7g?authuser=0&hl=en&rclk=1
65,Laharika Ladies Emporium,"Shop No.2,Suchitra, Qutubullapur Main Rd, Durga Estate, Jeedimetla",Costume store,098480 89791,4.0,6,https://www.google.com/maps/place/Laharika+Ladies+Emporium/data=!4m7!3m6!1s0x3bcb900ea67ee435:0xd9078ecac35e7f33!8m2!3d17.5025302!4d78.4684396!16s%2Fg%2F1ygjd48y5!19sChIJNeR-pg6QyzsRM39ew8qOB9k?authuser=0&hl=en&rclk=1
66,Manisha Fancy Ladies emporeim,"Shop.No.1, 95/3, beside Medi Plus",Jeweler,093999 16179,3.6,8,https://www.google.com/maps/place/Manisha+Fancy+Ladies+emporeim/data=!4m7!3m6!1s0x3bcb9ebb52f5290f:0x11baff53bc044a64!8m2!3d17.4223011!4d78.5821645!16s%2Fg%2F11bycgw9yf!19sChIJDyn1UrueyzsRZEoEvFP_uhE?authuser=0&hl=en&rclk=1
67,Aruna Ladies Emporium,,Clothing store,,5.0,1,https://www.google.com/maps/place/Aruna+Ladies+Emporium/data=!4m7!3m6!1s0x3bcb9171f340f445:0xd6f6970ee496d600!8m2!3d17.459333!4d78.4008482!16s%2Fg%2F11sym9j_g5!19sChIJRfRA83GRyzsRANaW5A6X9tY?authuser=0&hl=en&rclk=1
68,Gupta's Lakshmi Cloth Emporium,"76-14-243/2, Teachers Colony, Near Sivalayam, Swathi Theatre Rd",Clothing store,094408 53743,3.8,264,https://www.google.com/maps/place/Gupta%27s+Lakshmi+Cloth+Emporium/data=!4m7!3m6!1s0x3a35efc9aee99073:0x4fe2ff22aa2b46fe!8m2!3d16.5329553!4d80.5960575!16s%2Fg%2F11c5rml128!19sChIJc5DprsnvNToR_kYrqiL_4k8?authuser=0&hl=en&rclk=1
69,Saraswathi Ladies Sewing Emporium,"&, H no 3-134, Near Ramalayam,Padamati bazar, Tallur ( Post, Mandal",Tailor,,5.0,2,https://www.google.com/maps/place/Saraswathi+Ladies+Sewing+Emporium/data=!4m7!3m6!1s0x3a4aef1b60bf1707:0x7fac62a9f1d20a87!8m2!3d15.7399769!4d79.8817531!16s%2Fg%2F11txp8kqw_!19sChIJBxe_YBvvSjoRhwrS8alirH8?authuser=0&hl=en&rclk=1
70,SRI LADIES FASHION TAILORS& COMPUTER EMBROIDERY,"stree, word no.20, Babu Emporium, opposite Dhoddi patlavaree",Women's clothing store,091825 57020,,,https://www.google.com/maps/place/SRI+LADIES+FASHION+TAILORS%26+COMPUTER+EMBROIDERY/data=!4m7!3m6!1s0x3a37b7531ffa5c6d:0x4e7508bc591fa01e!8m2!3d16.7566202!4d81.6769722!16s%2Fg%2F11s0vhvjnt!19sChIJbVz6H1O3NzoRHqAfWbwIdU4?authuser=0&hl=en&rclk=1
71,Sri Divya Ladies Emporium,"2-56/33, 39/2, Ayyappa Society Main Rd",Clothing Accessories Store,099087 22309,3.4,14,https://www.google.com/maps/place/Sri+Divya+Ladies+Emporium/data=!4m7!3m6!1s0x3bcb915dbcbd39bb:0x7467deade00fb6e7!8m2!3d17.4444642!4d78.3920734!16s%2Fg%2F11c6_wq8br!19sChIJuzm9vF2RyzsR57YP4K3eZ3Q?authuser=0&hl=en&rclk=1
72,Bhama Emporio 92.5 silver jewellery & wedding accessories,"39-1-59/2, MG Rd, opp. pvp mall",Jewelry store,079894 83161,4.7,"1,816",https://www.google.com/maps/place/Bhama+Emporio+92.5+silver+jewellery+%26+wedding+accessories/data=!4m7!3m6!1s0x3a35fbde04f7b9dd:0xc14a3be81fe90848!8m2!3d16.501936!4d80.6419809!16s%2Fg%2F11h7g4f_36!19sChIJ3bn3BN77NToRSAjpH-g7SsE?authuser=0&hl=en&rclk=1
73,Padma Fancy Stores,"5/809, Lakshmi Puram Main Rd, Near SBI, main road, near PAPPULA street",Novelty store,094405 20150,5.0,1,https://www.google.com/maps/place/Padma+Fancy+Stores/data=!4m7!3m6!1s0x3a4c8cba6aaf7d99:0xb3abc06a9d7e499b!8m2!3d14.4581612!4d79.9935673!16s%2Fg%2F11f03sj6g9!19sChIJmX2varqMTDoRm0l-nWrAq7M?authuser=0&hl=en&rclk=1
74,Bhama,·,Novelty store,,4.0,792,https://www.google.com/maps/place/Bhama/data=!4m7!3m6!1s0x3a35effe0068865d:0xafe780c5d0e8e550!8m2!3d16.5125883!4d80.6272244!16s%2Fg%2F11b6hzqwxp!19sChIJXYZoAP7vNToRUOXo0MWA568?authuser=0&hl=en&rclk=1
75,Narsingh Seethammadhara,·,Clothing store,087902 74777,4.2,185,https://www.google.com/maps/place/Narsingh+Seethammadhara/data=!4m7!3m6!1s0x3a39438b0d1c5f39:0x436fb44737238b8c!8m2!3d17.7436166!4d83.315667!16s%2Fg%2F11p11ff2_z!19sChIJOV8cDYtDOToRjIsjN0e0b0M?authuser=0&hl=en&rclk=1
76,LADIES EMPORIUM,,Clothing store,,,,https://www.google.com/maps/place/LADIES+EMPORIUM/data=!4m7!3m6!1s0x3bcb9bdea9997fb3:0x3d276883874919e6!8m2!3d17.4366946!4d78.5381126!16s%2Fg%2F11lchm6ns6!19sChIJs3-Zqd6byzsR5hlJh4NoJz0?authuser=0&hl=en&rclk=1
77,Sri's Designer Boutique,"1st floor, royal towers, Court, street, opp. Babu emporium",Boutique,,4.9,9,https://www.google.com/maps/place/Sri%27s+Designer+Boutique/data=!4m7!3m6!1s0x3a37b7dcea3014b5:0xc4f854b230389360!8m2!3d16.7531514!4d81.6873679!16s%2Fg%2F11sr81w5vr!19sChIJtRQw6ty3NzoRYJM4MLJU-MQ?authuser=0&hl=en&rclk=1
78,VIJAYALAKSHMI MATCHING CENTRE & BOUTIQUE,"auto point, Kattamuri Vari Veedhi, opp. ICICI Bank & VIP emporium",Women's clothing store,099661 02596,,,https://www.google.com/maps/place/VIJAYALAKSHMI+MATCHING+CENTRE+%26+BOUTIQUE/data=!4m7!3m6!1s0x3a3581c02953953f:0xcf3b1f2c486173e1!8m2!3d16.3933838!4d80.1478522!16s%2Fg%2F11tdfsl_z4!19sChIJP5VTKcCBNToR4XNhSCwfO88?authuser=0&hl=en&rclk=1
79,Haritha New Trends Ladies Emporium & Beauty Parlour,"dental care, Poranki main road, centre, opposite Poranki",Clothing store,,,,https://www.google.com/maps/place/Haritha+New+Trends+Ladies+Emporium+%26+Beauty+Parlour/data=!4m7!3m6!1s0x3a35fb3f91d776e5:0x566af9f6b33b3d1f!8m2!3d16.4767773!4d80.7059255!16s%2Fg%2F11vrtpnzkd!19sChIJ5XbXkT_7NToRHz07s_b5alY?authuser=0&hl=en&rclk=1
80,SRI LAKSHMI NARAYANA LADIES EMPORIUM,58 VENKATESHWARA COLONY,Saree Shop,082979 25602,,,https://www.google.com/maps/place/SRI+LAKSHMI+NARAYANA+LADIES+EMPORIUM/data=!4m7!3m6!1s0x3a4d4bdd6ff88ded:0x5f410c4ea6346132!8m2!3d13.6544144!4d79.4581183!16s%2Fg%2F11pkbxgd9w!19sChIJ7Y34b91LTToRMmE0pk4MQV8?authuser=0&hl=en&rclk=1
81,"Mahalakshmi fancy store ,1 gram gold and ladies Emporium","Undavalli Rd, opp. SBI bank",Novelty store,099495 91863,1.0,1,"https://www.google.com/maps/place/Mahalakshmi+fancy+store+,1+gram+gold+and+ladies+Emporium/data=!4m7!3m6!1s0x3a35f14fc7b38e61:0x3966badb08c5248e!8m2!3d16.4928035!4d80.5970058!16s%2Fg%2F11pcn56w1x!19sChIJYY6zx0_xNToRjiTFCNu6Zjk?authuser=0&hl=en&rclk=1"
82,SAI GEETHIKA LADIES EMPORIUM,"6th Ward, Vidya Nagar Main Road",Advertising agency,093915 03898,5.0,1,https://www.google.com/maps/place/SAI+GEETHIKA+LADIES+EMPORIUM/data=!4m7!3m6!1s0x3a4a111608d983b3:0x61d439f0cde29254!8m2!3d16.0693098!4d80.5530006!16s%2Fg%2F11kb7brw7f!19sChIJs4PZCBYRSjoRVJLizfA51GE?authuser=0&hl=en&rclk=1
83,Radha Krishna Ladies Emporium,·,Boutique,090002 53912,,,https://www.google.com/maps/place/Radha+Krishna+Ladies+Emporium/data=!4m7!3m6!1s0x3a3967c3564ac08b:0xc537fe461da767e1!8m2!3d17.8174879!4d83.2097182!16s%2Fg%2F11v66jbjm5!19sChIJi8BKVsNnOToR4WenHUb-N8U?authuser=0&hl=en&rclk=1
84,BISMILLAH LADIES EMPORIUM,PR7R+4CF,Clothing store,,,,https://www.google.com/maps/place/BISMILLAH+LADIES+EMPORIUM/data=!4m7!3m6!1s0x3a4ae5007107580d:0x4af5fea4adeb8426!8m2!3d15.7128216!4d79.8410421!16s%2Fg%2F11w2c82mdq!19sChIJDVgHcQDlSjoRJoTrraT-9Uo?authuser=0&hl=en&rclk=1
85,DURGASRI FANCY & LADIES EMPORIUM,near Ysr Statue,Novelty store,096186 41956,,,https://www.google.com/maps/place/DURGASRI+FANCY+%26+LADIES+EMPORIUM/data=!4m7!3m6!1s0x3a4a631b26345fc5:0xe87250b1a7ef3b6!8m2!3d16.0937135!4d80.1588484!16s%2Fg%2F11tf5rsfvy!19sChIJxV80JhtjSjoRtvN-Ggslhw4?authuser=0&hl=en&rclk=1
86,Jyothi Ladies Emporium,5-216,Boutique,094411 76579,,,https://www.google.com/maps/place/Jyothi+Ladies+Emporium/data=!4m7!3m6!1s0x3a35fbf5fc50b16f:0xba8456c610812c11!8m2!3d16.4818388!4d80.7101367!16s%2Fg%2F11y4xhq_kj!19sChIJb7FQ_PX7NToRESyBEMZWhLo?authuser=0&hl=en&rclk=1
87,Taj Ladies Emporium,8/557,Grocery store,085010 07511,,,https://www.google.com/maps/place/Taj+Ladies+Emporium/data=!4m7!3m6!1s0x3bb695c4b9f1ed49:0x937232a4907a0060!8m2!3d15.1159298!4d77.6369781!16s%2Fg%2F11smqjzgx3!19sChIJSe3xucSVtjsRYAB6kKQycpM?authuser=0&hl=en&rclk=1
88,Jasper tailoring and Ladies emporium,,Tailor,,,,https://www.google.com/maps/place/Jasper+tailoring+and+Ladies+emporium/data=!4m7!3m6!1s0x3a3943004a0c9d13:0xdc226f83e5ee461f!8m2!3d17.7426195!4d83.3222079!16s%2Fg%2F11w8207pwj!19sChIJE50MSgBDOToRH0bu5YNvItw?authuser=0&hl=en&rclk=1
89,Deepthi's Ladies Emporium,"H.no 109/5, Plot no 101&102 marthhbhumi pearl Ground floor Madevpuram",Women's clothing store,085558 45321,,,https://www.google.com/maps/place/Deepthi%27s+Ladies+Emporium/data=!4m7!3m6!1s0x3bcb8f49568cc617:0xc8948e544284b4e!8m2!3d17.517115!4d78.4148254!16s%2Fg%2F11fd57g4gs!19sChIJF8aMVkmPyzsRTksoROVIiQw?authuser=0&hl=en&rclk=1
90,Sai Sree Ladies Emporium Gift Articles,"Shop.No : 14-80/1, P&T Colony, Dilsuknagar.",Novelty store,093462 66606,,,https://www.google.com/maps/place/Sai+Sree+Ladies+Emporium+Gift+Articles/data=!4m7!3m6!1s0x3bcb98f39d511e8f:0x41868b1d7f553d81!8m2!3d17.363446!4d78.5267272!16s%2Fg%2F11b8c556dd!19sChIJjx5RnfOYyzsRgT1Vfx2LhkE?authuser=0&hl=en&rclk=1
