index,Name,Address,Category,Phone,Avg_review,Reviews
0,"Thirumala Lodge &Hotel kurnool Highway, MYDUKUR","PPQG+V4W, bybass cross",Lodge,097014 91444,3.6,399
1,Sri Ramadootha Athidi Nivas lodge,,Lodge,094906 49955,4.9,198
2,BBN Reddy Deluxe Lodge,"Veeranarayanpuram Street, near Veerabrahmendra Swamy Temple",Lodge,091600 97027,4.8,233
3,SS Residency Super Deluxe Lodge,,Lodge,099897 69878,3.9,247
4,"Annapurna Lodge, Hotel",,3-star hotel,0863 222 2979,4.3,673
5,Vasu fortune inn LODGE ( KVR),JQRG+MWH,Lodge,,4.0,127
6,AT International Lodge,,1-star hotel,088866 26298,3.8,240
7,IRC lodge,SH 54,Lodge,099899 12077,4.2,475
8,Sri Venkateswara Lodge,,Lodge,,3.8,12
9,Mamatha Lodge,,Lodge,,4.2,345
10,Mahendra Lodge,,Lodge,0863 222 1482,3.5,151
11,ABN RESIDENCY LODGE {Ac and Non Ac Rooms},,Lodge,095052 26999,4.5,34
12,Vamsi Grand,,Lodge,083097 64255,4.6,122
13,Manohar Lodge,,Lodge,0863 226 1711,3.6,124
14,Padma Sri Lodge,"# 13-8-144, Opp.R.T.C.Bus Stand",Lodge,0863 221 3857,3.0,43
15,SRI SAI GRAND LODGE,,Hotel,090032 55399,3.9,100
16,Hotel Sudha Lodge,,2-star hotel,0866 257 2710,3.6,292
17,SPOT ON Hotel Tirumala Lodge,,Lodge,099591 12448,4.5,10
18,Sri Vinayaka Lodge a/c,,Lodge,096520 10000,3.9,269
19,Gokul Residency A/C Lodge,,Lodge,085622 22288,3.8,406
20,Sri Sathya Sai Lodge A/C,"near sri anjaneya swamy temple, opposite kurichedu road",Lodge,094402 92064,3.7,144
21,Hyderabad Lodge and Family Restaurant,"Viswanadha Puram, Prakasam SH-53, Cumbum Rd",Hotel,,3.2,197
22,Surya Grand lodge A/c,"Opp Reliance Petrol pump KG Road, to, Kurnool Road",Lodge,,4.3,89
23,TULASI GRAND AC LODGE,,Lodge,090101 71740,4.6,98
24,VIJETHA GRAND LODGE,"1-604 Samata, Hospital Rd",Lodge,099595 96391,4.3,71
25,Sapthagiri Lodge,,Lodge,085962 22499,3.7,483
26,Radha Madhavan A/c Lodge,"Macherala Road, near HP Petrol Bunk",Hotel,094410 33326,4.3,41
27,Sri Krishna Inn lodge,"FRCR+PW5, Tirupati Rd",Lodge,093912 36603,4.1,206
28,BMR Bala Lodge,,Lodge,091107 29787,4.3,478
29,National Lodge,,Hotel,094918 44049,2.7,219
30,Ramaiah Lodge,,1-star hotel,070130 09730,2.8,161
31,Hotel Sri Sai Lodge,,Lodge,098857 71416,4.4,550
32,Hotel Tourist Deluxe Lodge,,2-star hotel,099892 46494,3.4,428
33,Srinivasa Lodge,"HJ4Q+J9C, Main Rd, beside Rtc bus stand",Lodge,,3.7,30
34,SR LODGE,A.T.Agraharam Rd,Lodge,,4.3,64
35,Tirumala Paradise Lodge,,Lodge,099491 88345,3.1,277
36,MCSR LODGE,"HPC Dealers Udayagiri, Nellore Rd",Lodge,,3.9,45
37,SRI DURGA LODGE,near POLERAMMA TEMPLE,Lodge,094925 46345,4.6,47
38,Sai Grand Lodge and Function Hall,"Narasaraopet Paturu, Old, Palnadu Rd",Lodge,,3.9,124
39,Sri Mahalakshmi Towers,Sri mahalakshmi towers,Lodge,086883 97500,4.7,79
40,Srinivasa Lodge,"14-3-3/1, Government Hospital Rd",Lodge,0866 257 4320,3.0,70
41,ABS residency(LODGE),"Bustand, Railway, Station Rd",Lodge,,3.9,61
42,Eswar lodge,Trunk Rd,Lodge,080992 35354,3.8,92
43,Sri Malleswari Lodge,"11-62-111, Canal Rd",Lodge,098486 72458,2.7,469
44,LA Residency,,Lodge,,3.6,21
45,Sri Krishna Lodge,"HGQC+F36, Ferry Road Ibrahim Patnam Vijayawada",Lodge,077939 33205,3.2,89
46,SRI SAI LODGE,,Lodge,070135 44505,4.7,11
47,New Sri Durga Lodge,,3-star hotel,099668 75996,4.4,426
48,Sapthagiri Lodge,,5-star hotel,072076 05555,2.8,303
49,Hotel Sarovar Lodge,,Lodge,0863 222 1744,3.3,185
50,Hotel Sapthagiri Grand,,Lodge,070932 37880,3.6,132
51,Nischala Grand Lodge,,Lodge,086452 31444,3.8,171
52,Vamsi krishna lodge,"Clock center, beside Missamma Hotel",Lodge,098485 85708,4.3,13
53,Bhuma lodge భూమా లాడ్జి,,Lodge,084649 74567,4.1,50
54,Tirumala lodge,QMCG+VX9,Lodge,,3.1,51
55,Shanmukha Lodge,"JJ24+XC8, Kurnool - Ongole Main Rd",Hotel,,3.8,50
56,SPOT ON 806448 Gvr Grand Lodge,,3-star hotel,0124 620 1530,3.9,440
57,VLS Residency,,3-star hotel,086462 74455,3.9,463
58,New Modern Lodge,"GJ8F+PCV, Mallikarjuna Rao St",Lodge,0866 257 7208,3.1,22
59,Kashmiri Lodge,"GJC9+845, Nehru Rd",Hotel,,3.7,125
60,Kashmiri Lodge,"GJC9+845, Nehru Rd",Hotel,,3.7,125
61,J K Palace Lodge,,Lodge,088122 34561,3.5,400
62,Taj Lodge A/c And Non A/c Rooms,"R9H4+GJF, Station Road",Lodge,099512 74141,3.5,53
63,HOTEL SIDDHARTHA,,2-star hotel,078423 57777,3.6,869
64,Hotel Madhavi Grand Lodge,,Hotel,,4.0,59
65,Meghana Lodge,"# 8th Line, Guntuvari Thota, Opp.R.T.C Bus Stand",Lodge,091772 46198,4.3,9
66,Anupama Lodge,"63G2+QCV, opp:, Bus Stand Rd",Lodge,,3.3,80
67,Sri Kanya Lodge,"Prakasam, SH-53, Podili Cumbum Road, Podili",Lodge,099895 49099,3.0,99
68,SLV DELUXE LODGE,,Lodge,095024 48535,3.9,26
69,Hotel Vasavi Grand A/C,,Lodge,094909 27444,4.2,294
70,SS Guest house & Lodge,Kurichedu Rd,Lodge,090590 56462,4.6,46
71,Annapurna A.C Lodge,"Eluru Rd, opp. Kalyana Vedika",Lodge,099898 46587,3.1,85
72,Raja Lodge,"Raja Complex, Goods Shed, 26-6-6D.N, Asram Rd",Lodge,088122 44848,3.0,115
73,Siri Residency & lodge,,Lodge,088162 22349,3.3,150
74,Sri Vinayaka Lodge Porumamilla,SRI VINAYAKA SUPER MARKET,Lodge,088869 25959,4.0,60
75,Srinivasa Lodge,"Bapulapadu, Krishna, NH-5, Vijayawada Visakapatnam Road, Hanuman Junction",Hotel,086562 42063,3.3,36
76,Manorama Lodge,,Lodge,,3.4,95
77,Ajantha Lodge A/C,"Athithotha vaari, M.V.Agraharam St",Lodge,,4.4,18
78,kokila lodge,"P7QC+PCM, Tarlupadu Rd",Lodge,085962 23324,3.2,138
79,Hotel Shirdi Lodge cell nomber,,3-star hotel,0866 257 1266,3.4,162
80,New Swapna Lodge,,1-star hotel,099597 65988,3.6,71
81,Ashwani Grand Lodge,,5-star hotel,,4.0,33
82,Sri Lekha Lodge,,Hotel,085582 26677,4.0,62
83,AT Lodge,"35W7+4W9, Narsaraopet Rd, opposite Hp Petrol Bunk",Lodge,099514 98073,3.1,178
84,Manikanta Lodge,"3rd floor, main road, opposite prasadrao hospital, beside ganesh hospital",Lodge,099494 93445,3.0,14
85,Sri Ram Lodge,"27-47-2, 2, Pattabhi Ramaiah St",Lodge,098487 45774,4.0,10
86,Kamakshi Lodge,,Lodge,063094 93480,3.3,73
87,Rajadhani Lodge,CHJ6+J32,Lodge,094919 77702,3.6,110
88,Jyothi Lodge,"JHW5+76F, Lanco Kondapalli",Lodge,094418 26811,3.7,39
89,Sri Sai Baba Lodge,"FMXF+H3P, Unnamed Road",Lodge,0866 254 3771,3.5,38
90,Sandhya Lodge,"Door No. 14-11-17, 14-11-31, Achuta Ramaiah St, Station Road",Lodge,092464 75822,3.2,18
91,Royal Lodge,,Lodge,085962 22009,3.5,107
92,Navya Grand Lodge,,3-star hotel,0863 224 5777,3.8,178
93,COMFORT INN,,Lodge,094944 41898,4.1,166
94,PR High Way Lodge,"FF7J+8G7, Bommalasathram Road, near Sbi Bank",Lodge,073823 30364,5.0,1
95,Sri ramayya lodge,"Bus Stand, Feeder Rd, opp. R.T.C",Lodge,070130 09730,2.4,29
96,National Lodge,"2/455-E-3, NK Rd",Hotel,,4.8,6
97,Lodge Sab Rooms,,Lodge,,4.4,11
98,Sri Ganapathi Raj lodge,cinema road,Lodge,088562 38049,3.4,160
99,Mohan Lodge,,Lodge,092901 07106,3.7,72
100,Sri Sai Lodge,"Plot no, 173, 100 Feet Rd",Lodge,094940 54449,3.5,38
101,Karthikeya Grand,"D.No 11-31-493/A, Ravipadu Road, opp. Reddy Nagar",Lodge,095818 18191,4.8,67
102,SPOT ON Hotel Swamy Lodge,"Peddibhotla, Mannavavari St, behind VHR Complex",2-star hotel,0124 620 1530,3.1,73
103,TOURIST LODGE,"VHHM+MWG, NEAR SBI BANK K G ROAD, DIST",Lodge,,3.7,16
104,NR Lodge,"VijayaLakshmi Villa, Malkipuram Rd",Lodge,098494 33347,3.4,33
105,SPOT ON New ROYAL LODGE,,3-star hotel,0124 620 1530,3.5,79
106,Tirumala Lodge,Rtc Bus Stand,Hotel,,3.9,29
107,SRI NILAYAM LODGE,"7, 90, near MDO office",Lodge,088839 57999,3.5,8
108,Padma Palace lodging,723F+F85,Lodge,,3.7,55
109,Sri Sai Grand Lodge,"Dr utthama, to, Muthukur Rd",Lodge,098487 69677,4.0,28
110,PRAKRITI Residence Inn(Lodge),9PQP+GH,Lodge,094404 33232,3.7,154
111,The Raj Kamal Lodge,"Municipal, High School Rd",Lodge,085942 32590,3.7,49
112,Swati lodge,Hotel Mourya,Lodge,,3.4,24
113,Sri Sai Sagar Lodge A/C,"Front of RTC Depot, Kurnool Road, Sixty Feet Rd",Lodge,099499 79872,3.7,41
114,Savera lodge macherla,"second right, Rama Talkies Rd",Lodge,,3.5,50
115,Hotel Manasa Lodge,"Door 5, 32, Kurnool Rd",3-star hotel,085922 83182,3.3,66
116,Hotel O Vishnu Lodge,"22A-1-1, 22A-1-1/1, 1, GNT Rd, near BSNL Office",Hotel,0124 620 1530,3.7,436
117,"Lemon Tree Premier,Vijayawada","MG Rd, opp. Sub-Collector Office Road",Lodge,0866 691 9999,4.4,"3,496"
118,Hotel Shivapriya Lodge,"17/144, Yadlavari St",2-star hotel,,3.8,220
119,Best Lodge,"AG College Rd, opposite vijaya digital",Hotel,096425 85768,3.7,21
