index,Name,Address,Category,Phone,Avg_review,Reviews,Maps_url
2,Sarath City Capital Mall,·,Shopping mall,040 6821 8333,4.5,"(82,495)",https://www.google.com/maps/place/Sarath+City+Capital+Mall/data=!4m7!3m6!1s0x3bcb93c8f42a1489:0x57fc4e27fb6901b2!8m2!3d17.4575952!4d78.3639493!16s%2Fg%2F11g8btzw00!19sChIJiRQq9MiTyzsRsgFp-ydO_Fc?authuser=0&hl=en&rclk=1
3,Inorbit Mall Cyberabad,·,Shopping mall,040 4488 0000,4.5,"(125,980)",https://www.google.com/maps/place/Inorbit+Mall+Cyberabad/data=!4m7!3m6!1s0x3bcb972fe66d4711:0x7f2d27691ca15313!8m2!3d17.4335554!4d78.3865168!16s%2Fm%2F09gkt3j!19sChIJEUdt5i-XyzsRE1OhHGknLX8?authuser=0&hl=en&rclk=1
4,City Center Mall,·,Shopping mall,,4.2,"(25,739)",https://www.google.com/maps/place/City+Center+Mall/data=!4m7!3m6!1s0x3bcb912ea1cf8915:0xa465794b40397bf!8m2!3d17.4150974!4d78.4488686!16s%2Fg%2F1tgf676v!19sChIJFYnPoS6RyzsRv5cDtJRXRgo?authuser=0&hl=en&rclk=1
5,GVK One Mall,·,Shopping mall,040 4276 7600,4.3,"(72,192)",https://www.google.com/maps/place/GVK+One+Mall/data=!4m7!3m6!1s0x3bcb9736975c54b9:0xb24847634360df71!8m2!3d17.4187203!4d78.4486097!16s%2Fm%2F0j623vb!19sChIJuVRclzaXyzsRcd9gQ2NHSLI?authuser=0&hl=en&rclk=1
6,Hyderabad Central,·,Shopping mall,,4.1,"(45,810)",https://www.google.com/maps/place/Hyderabad+Central/data=!4m7!3m6!1s0x3bcb917fda50af7b:0x234398bef57785f5!8m2!3d17.4266059!4d78.4529231!16s%2Fm%2F025z0p5!19sChIJe69Q2n-RyzsR9YV39b6YQyM?authuser=0&hl=en&rclk=1
7,Next Galleria Mall,·,Shopping mall,040 4546 5200,4.3,"(16,147)",https://www.google.com/maps/place/Next+Galleria+Mall/data=!4m7!3m6!1s0x3bcb9784e81ba693:0x2d9019970b35d70!8m2!3d17.4286551!4d78.450496!16s%2Fg%2F11fhv3w3wl!19sChIJk6Yb6ISXyzsRcF2zcJkB2QI?authuser=0&hl=en&rclk=1
8,GSM Mall & Multiplex,·,Shopping mall,1800 4254 6464,4.2,"(28,267)",https://www.google.com/maps/place/GSM+Mall+%26+Multiplex/data=!4m7!3m6!1s0x3bcb92890bb7a273:0x75f04e86c5e9d52c!8m2!3d17.4961327!4d78.3356342!16s%2Fg%2F11c6v8rjzp!19sChIJc6K3C4mSyzsRLNXpxYZO8HU?authuser=0&hl=en&rclk=1
9,Manjeera Mall,·,Shopping mall,,4.1,"(51,822)",https://www.google.com/maps/place/Manjeera+Mall/data=!4m7!3m6!1s0x3bcb918d02eec525:0xa946d5a3030a5991!8m2!3d17.4899643!4d78.3931271!16s%2Fg%2F1ptx91dby!19sChIJJcXuAo2RyzsRkVkKA6PVRqk?authuser=0&hl=en&rclk=1
10,Atrium Mall,·,Shopping mall,,4.0,"(9,295)",https://www.google.com/maps/place/Atrium+Mall/data=!4m7!3m6!1s0x3bcb93c04e0d142b:0xea420c09723664fd!8m2!3d17.4462602!4d78.3638535!16s%2Fg%2F11cj_4r4db!19sChIJKxQNTsCTyzsR_WQ2cgkMQuo?authuser=0&hl=en&rclk=1
11,Mantra Mall,·,Outlet mall,,4.1,"(7,475)",https://www.google.com/maps/place/Mantra+Mall/data=!4m7!3m6!1s0x3bcb9637cfe447d7:0xc61fa6b7f47d5e83!8m2!3d17.3538628!4d78.420604!16s%2Fg%2F11fn6w4bbh!19sChIJ10fkzzeWyzsRg1599LemH8Y?authuser=0&hl=en&rclk=1
12,CMR Shopping Mall,·,Shopping mall,,4.8,"(18,618)",https://www.google.com/maps/place/CMR+Shopping+Mall/data=!4m7!3m6!1s0x3bcb992894422e83:0x58d5a01e3b2af1e8!8m2!3d17.3682092!4d78.5237314!16s%2Fg%2F11h_4z4qmw!19sChIJgy5ClCiZyzsR6PEqOx6g1Vg?authuser=0&hl=en&rclk=1
13,CMR Family Mall,"Rythu Bazar Road, near Bajaj Electronics",Shopping mall,,4.7,"(5,377)",https://www.google.com/maps/place/CMR+Family+Mall/data=!4m7!3m6!1s0x3bcb914450373549:0x83351ba27d5a5c64!8m2!3d17.5101765!4d78.3845837!16s%2Fg%2F11np2sh70m!19sChIJSTU3UESRyzsRZFxafaIbNYM?authuser=0&hl=en&rclk=1
14,Nexus Hyderabad Mall,·,Shopping mall,,4.4,"(131,076)",https://www.google.com/maps/place/Nexus+Hyderabad+Mall/data=!4m7!3m6!1s0x3bcb919ef6c7c09d:0xe03175b81113bc71!8m2!3d17.4844243!4d78.3893454!16s%2Fg%2F11kqbr0d9l!19sChIJncDH9p6RyzsRcbwTEbh1MeA?authuser=0&hl=en&rclk=1
15,CMR Family Mall,·,Shopping mall,,4.8,"(4,443)",https://www.google.com/maps/place/CMR+Family+Mall/data=!4m7!3m6!1s0x3bcba3a58330e5e7:0x8072f9c7de442634!8m2!3d17.3196381!4d78.5184119!16s%2Fg%2F11vc1jg5ph!19sChIJ5-Uwg6WjyzsRNCZE3sf5coA?authuser=0&hl=en&rclk=1
16,MCube Mall,·,Shopping mall,1800 4254 6464,4.0,"(13,182)",https://www.google.com/maps/place/MCube+Mall/data=!4m7!3m6!1s0x3bcb97acae15175f:0x322f7109c70e4f40!8m2!3d17.3717233!4d78.4297149!16s%2Fg%2F11b6b6l9bn!19sChIJXxcVrqyXyzsRQE8OxwlxLzI?authuser=0&hl=en&rclk=1
17,Podium Mall,·,Shopping mall,,3.9,"(5,082)",https://www.google.com/maps/place/Podium+Mall/data=!4m7!3m6!1s0x3bcb97d14fce80d9:0x11d50f6166807da7!8m2!3d17.4000614!4d78.414796!16s%2Fg%2F11gj0_4f_h!19sChIJ2YDOT9GXyzsRp32AZmEP1RE?authuser=0&hl=en&rclk=1
18,Ashoka One Mall,·,Shopping mall,040 2360 7272,4.3,"(1,270)",https://www.google.com/maps/place/Ashoka+One+Mall/data=!4m7!3m6!1s0x3bcb9303958c78eb:0xd2cf30ed4584ca40!8m2!3d17.4793849!4d78.417738!16s%2Fg%2F11v5d2c0v5!19sChIJ63iMlQOTyzsRQMqERe0wz9I?authuser=0&hl=en&rclk=1
19,NSL Centrum Mall,·,Shopping mall,095814 12782,4.0,"(13,084)",https://www.google.com/maps/place/NSL+Centrum+Mall/data=!4m7!3m6!1s0x3bcb918fb1a65227:0x4d24558468707f06!8m2!3d17.4831749!4d78.3932324!16s%2Fg%2F1hdz394h4!19sChIJJ1KmsY-RyzsRBn9waIRVJE0?authuser=0&hl=en&rclk=1
20,CMR Family Mall,·,Shopping mall,088818 81194,4.5,"(11,190)",https://www.google.com/maps/place/CMR+Family+Mall/data=!4m7!3m6!1s0x3bcb9a17bd0752e9:0x668b71a8e78a2669!8m2!3d17.4418938!4d78.4957451!16s%2Fg%2F1tdmnj27!19sChIJ6VIHvReayzsRaSaK56hxi2Y?authuser=0&hl=en&rclk=1
21,CMR Shopping Mall Uppal,·,Shopping mall,076600 02086,4.8,"(6,982)",https://www.google.com/maps/place/CMR+Shopping+Mall+Uppal/data=!4m7!3m6!1s0x3bcb9fbe02432b65:0xa73283d0aab036ee!8m2!3d17.4012835!4d78.5675773!16s%2Fg%2F11l1wfx_ss!19sChIJZStDAr6fyzsR7jawqtCDMqc?authuser=0&hl=en&rclk=1
22,DSL Virtue Mall,·,Shopping mall,040 4567 8060,4.4,"(18,362)",https://www.google.com/maps/place/DSL+Virtue+Mall/data=!4m7!3m6!1s0x3bcb992aea591f67:0x7e28566ff2b33d80!8m2!3d17.4002699!4d78.5548155!16s%2Fg%2F11cmzlbkhb!19sChIJZx9Z6iqZyzsRgD2z8m9WKH4?authuser=0&hl=en&rclk=1
23,LuLu Mall Hyderabad,·,Shopping mall,040 6911 1011,4.0,"(14,154)",https://www.google.com/maps/place/LuLu+Mall+Hyderabad/data=!4m7!3m6!1s0x3bcb9156f7afb389:0xdf398d9fcd887e85!8m2!3d17.4899474!4d78.3929884!16s%2Fg%2F11vdmtxkj_!19sChIJibOv91aRyzsRhX6IzZ-NOd8?authuser=0&hl=en&rclk=1
24,E Galleria,·,Shopping mall,040 4546 5437,4.1,"(9,467)",https://www.google.com/maps/place/E+Galleria/data=!4m7!3m6!1s0x3bcb91602b8d2091:0x918f1f744a9c9984!8m2!3d17.4479751!4d78.3842389!16s%2Fg%2F11gfxnbsrv!19sChIJkSCNK2CRyzsRhJmcSnQfj5E?authuser=0&hl=en&rclk=1
25,Next Galleria Mall,·,Shopping mall,040 4546 5333,4.3,"(6,667)",https://www.google.com/maps/place/Next+Galleria+Mall/data=!4m7!3m6!1s0x3bcb9975e646d511:0xae6dc93ccfa5254f!8m2!3d17.3716094!4d78.5097998!16s%2Fg%2F11h0_l_jgn!19sChIJEdVG5nWZyzsRTyWlzzzJba4?authuser=0&hl=en&rclk=1
26,Lumbini Jewel Mall,·,Shopping mall,099667 75357,4.0,"(1,430)",https://www.google.com/maps/place/Lumbini+Jewel+Mall/data=!4m7!3m6!1s0x3bcb90d4aa064911:0x36f706ecb07ae2b6!8m2!3d17.4258199!4d78.435405!16s%2Fg%2F11c2lsk279!19sChIJEUkGqtSQyzsRtuJ6sOwG9zY?authuser=0&hl=en&rclk=1
27,KISAN FASHION MALL,·,Shopping mall,095229 52293,4.0,"(1,051)",https://www.google.com/maps/place/KISAN+FASHION+MALL/data=!4m7!3m6!1s0x3bcb9b76993784fd:0x47617c88119e4439!8m2!3d17.5038137!4d78.4778948!16s%2Fg%2F11n18_437k!19sChIJ_YQ3mXabyzsROUSeEYh8YUc?authuser=0&hl=en&rclk=1
28,The Chennai Shopping Mall - Kukatpally,·,Shopping mall,090007 77444,4.2,"(2,950)",https://www.google.com/maps/place/The+Chennai+Shopping+Mall+-+Kukatpally/data=!4m7!3m6!1s0x3bcb9153070581a9:0x9d7ca00a7f72c2e7!8m2!3d17.4927291!4d78.4048375!16s%2Fg%2F11rfp8vvgf!19sChIJqYEFB1ORyzsR58JyfwqgfJ0?authuser=0&hl=en&rclk=1
29,Sattva Necklace Mall,,Shopping mall,040 2937 4444,4.4,"(6,232)",https://www.google.com/maps/place/Sattva+Necklace+Mall/data=!4m7!3m6!1s0x3bcb9983b7ed6c39:0xf10b891dae6ca32e!8m2!3d17.4234384!4d78.4948532!16s%2Fg%2F11j4dhtvzz!19sChIJOWztt4OZyzsRLqNsrh2JC_E?authuser=0&hl=en&rclk=1
30,Mjr Square Mall,·,Shopping mall,,4.3,"(4,392)",https://www.google.com/maps/place/Mjr+Square+Mall/data=!4m7!3m6!1s0x3bcb9f49e9a0d8ed:0xe02c4f773680a6f2!8m2!3d17.420419!4d78.6369044!16s%2Fg%2F11fnvck6hp!19sChIJ7dig6UmfyzsR8qaANndPLOA?authuser=0&hl=en&rclk=1
31,PVR Mall,·,Shopping mall,088009 00009,4.4,"(3,754)",https://www.google.com/maps/place/PVR+Mall/data=!4m7!3m6!1s0x3bcb9168f1ac24a7:0x522123d599821d40!8m2!3d17.4290374!4d78.4502132!16s%2Fg%2F11h38dvk27!19sChIJpySs8WiRyzsRQB2CmdUjIVI?authuser=0&hl=en&rclk=1
32,Lifestyle Stores,·,Shopping mall,1800 123 1555,4.2,"(21,009)",https://www.google.com/maps/place/Lifestyle+Stores/data=!4m7!3m6!1s0x3bcb90b108d4788f:0x8bdfd1f27bb8407a!8m2!3d17.4361896!4d78.4570923!16s%2Fg%2F1ts_5161!19sChIJj3jUCLGQyzsRekC4e_LR34s?authuser=0&hl=en&rclk=1
33,Alcazar Mall,·,Shopping mall,090302 45259,4.0,"(2,354)",https://www.google.com/maps/place/Alcazar+Mall/data=!4m7!3m6!1s0x3bcb9137d8783dcf:0xbba6c8bf7a8ff153!8m2!3d17.4329787!4d78.4069793!16s%2Fg%2F11dxdhc6vc!19sChIJzz142DeRyzsRU_GPer_Iprs?authuser=0&hl=en&rclk=1
34,The Chennai Shopping Mall - Suchitra,·,Shopping mall,040 2723 3333,4.0,"(3,564)",https://www.google.com/maps/place/The+Chennai+Shopping+Mall+-+Suchitra/data=!4m7!3m6!1s0x3bcb9aa6e05a6b05:0x94260f45927a2b22!8m2!3d17.5049224!4d78.4782673!16s%2Fg%2F11fy5701wb!19sChIJBWta4KaayzsRIit6kkUPJpQ?authuser=0&hl=en&rclk=1
35,"SLN terminus, Gachibowli",·,Shopping mall,,4.2,"(8,685)","https://www.google.com/maps/place/SLN+terminus,+Gachibowli/data=!4m7!3m6!1s0x3bcb93500f523599:0x1c7495dd5c833e48!8m2!3d17.4525755!4d78.363253!16s%2Fg%2F11gj0xb9kr!19sChIJmTVSD1CTyzsRSD6DXN2VdBw?authuser=0&hl=en&rclk=1"
36,The Chennai Shopping Mall - Patny Center,·,Shopping mall,090007 77444,4.1,"(6,474)",https://www.google.com/maps/place/The+Chennai+Shopping+Mall+-+Patny+Center/data=!4m7!3m6!1s0x3bcb9a177d28576f:0x9aca76a39cc7a76d!8m2!3d17.440306!4d78.4946757!16s%2Fm%2F0412wcr!19sChIJb1cofReayzsRbafHnKN2ypo?authuser=0&hl=en&rclk=1
37,Aparna Neo Mall,·,Shopping mall,,4.3,"(1,327)",https://www.google.com/maps/place/Aparna+Neo+Mall/data=!4m7!3m6!1s0x3bcb938f5e921e83:0xd4832328eeda16be!8m2!3d17.4670422!4d78.3100016!16s%2Fg%2F11kk13v76x!19sChIJgx6SXo-TyzsRvhba7igjg9Q?authuser=0&hl=en&rclk=1
38,Six Shopping Mall,·,Shopping mall,,4.1,"(1,503)",https://www.google.com/maps/place/Six+Shopping+Mall/data=!4m7!3m6!1s0x3bcb99f61b8eb3b3:0xd03da399bbb44378!8m2!3d17.3678857!4d78.5370469!16s%2Fg%2F11fsw669yy!19sChIJs7OOG_aZyzsReEO0u5mjPdA?authuser=0&hl=en&rclk=1
39,SGM Mall,"9CVQ+PWJ, Asif Nagar Rd",Shopping mall,,3.5,"(1,724)",https://www.google.com/maps/place/SGM+Mall/data=!4m7!3m6!1s0x3bcb971a427b2649:0xfa7a83d7f3212979!8m2!3d17.3943422!4d78.4397794!16s%2Fg%2F11r9fgv59!19sChIJSSZ7QhqXyzsReSkh89eDevo?authuser=0&hl=en&rclk=1
40,Tapadia MARUTI'S Infinity Mall,·,Shopping mall,,4.0,(957),https://www.google.com/maps/place/Tapadia+MARUTI%27S+Infinity+Mall/data=!4m7!3m6!1s0x3bcb92895e50c9fd:0xdb2bbc55c8022ed4!8m2!3d17.4951642!4d78.334343!16s%2Fg%2F11hchyqrv2!19sChIJ_clQXomSyzsR1C4CyFW8K9s?authuser=0&hl=en&rclk=1
41,L & T Mall,·,Shopping mall,,4.4,"(5,068)",https://www.google.com/maps/place/L+%26+T+Mall/data=!4m7!3m6!1s0x3bcb90ca50dc38e9:0xb737182dc54edb1e!8m2!3d17.4291596!4d78.4501374!16s%2Fg%2F11g8p15xyt!19sChIJ6TjcUMqQyzsRHttOxS0YN7c?authuser=0&hl=en&rclk=1
42,Babukhan Mall,"Shop-2, Begumpet Rd",Shopping mall,,3.8,(822),https://www.google.com/maps/place/Babukhan+Mall/data=!4m7!3m6!1s0x3bcb90b459ce07ad:0xd044568ced50074d!8m2!3d17.429359!4d78.4561543!16s%2Fm%2F02qn9lx!19sChIJrQfOWbSQyzsRTQdQ7YxWRNA?authuser=0&hl=en&rclk=1
43,Prasad mall Imax,·,Shopping mall,,4.4,"(1,231)",https://www.google.com/maps/place/Prasad+mall+Imax/data=!4m7!3m6!1s0x3bcb9797d436007b:0x8eae890322e3b308!8m2!3d17.4129115!4d78.4658418!16s%2Fg%2F11q4gv84g0!19sChIJewA21JeXyzsRCLPjIgOJro4?authuser=0&hl=en&rclk=1
44,KLM Fashion Mall,·,Shopping mall,,3.9,"(11,384)",https://www.google.com/maps/place/KLM+Fashion+Mall/data=!4m7!3m6!1s0x3bcb90c95beb628d:0xd60bfb05a1b5e849!8m2!3d17.4319984!4d78.4478577!16s%2Fg%2F11f37f42y3!19sChIJjWLrW8mQyzsRSei1oQX7C9Y?authuser=0&hl=en&rclk=1
45,Anutex Shopping Mall - Kothapet,·,Shopping mall,070329 22916,4.4,(670),https://www.google.com/maps/place/Anutex+Shopping+Mall+-+Kothapet/data=!4m7!3m6!1s0x3bcb919407ab2c5b:0x5aa19ccada9edacf!8m2!3d17.3637655!4d78.5429774!16s%2Fg%2F11rcsscxyb!19sChIJWyyrB5SRyzsRz9qe2sqcoVo?authuser=0&hl=en&rclk=1
46,Miyapur Central,·,Shopping mall,,4.2,"(2,368)",https://www.google.com/maps/place/Miyapur+Central/data=!4m7!3m6!1s0x3bcb93d67c3cbb93:0xeed6659efe133976!8m2!3d17.4961046!4d78.3358297!16s%2Fg%2F11h1lvmgd8!19sChIJk7s8fNaTyzsRdjkT_p5l1u4?authuser=0&hl=en&rclk=1
47,Aziz Plaza,·,Shopping mall,,4.1,"(21,733)",https://www.google.com/maps/place/Aziz+Plaza/data=!4m7!3m6!1s0x3bcb9780c54cb831:0x7521ee4348615779!8m2!3d17.3756513!4d78.4735364!16s%2Fg%2F1ptvzgh7v!19sChIJMbhMxYCXyzsReVdhSEPuIXU?authuser=0&hl=en&rclk=1
48,Raichandani Mall - Kompally,,Shopping mall,077999 37314,4.2,(947),https://www.google.com/maps/place/Raichandani+Mall+-+Kompally/data=!4m7!3m6!1s0x3bcb85658e7e5a19:0x2bc532cdc6fbb2b5!8m2!3d17.5311008!4d78.4884262!16s%2Fg%2F11khrm7bnp!19sChIJGVp-jmWFyzsRtbL7xs0yxSs?authuser=0&hl=en&rclk=1
49,Smart Zone Shopping Centre,"Smart Zone, 19-3-300/3, Vattepally Rd",Shopping mall,086869 70101,3.9,(261),https://www.google.com/maps/place/Smart+Zone+Shopping+Centre/data=!4m7!3m6!1s0x3bcbbd58f5ca9df1:0x92142ff71aa746fd!8m2!3d17.3307174!4d78.4604591!16s%2Fg%2F11b6j0h0c6!19sChIJ8Z3K9Vi9yzsR_UanGvcvFJI?authuser=0&hl=en&rclk=1
50,"L&T METRO MALL, MALAKPET",·,Shopping mall,,4.3,"(1,456)","https://www.google.com/maps/place/L%26T+METRO+MALL,+MALAKPET/data=!4m7!3m6!1s0x3bcb99148da7e203:0xfe710660b6694aa1!8m2!3d17.3715248!4d78.5100021!16s%2Fg%2F11fd6m00bp!19sChIJA-KnjRSZyzsRoUpptmAGcf4?authuser=0&hl=en&rclk=1"
51,South India Shopping Mall Textile & Jewellery - Ameerpet,·,Shopping mall,077999 65656,4.0,"(12,005)",https://www.google.com/maps/place/South+India+Shopping+Mall+Textile+%26+Jewellery+-+Ameerpet/data=!4m7!3m6!1s0x3bcb90cf16f29389:0xbcdf886de70e94fb!8m2!3d17.435323!4d78.4453607!16s%2Fg%2F11bccm2hkm!19sChIJiZPyFs-QyzsR-5QO522I37w?authuser=0&hl=en&rclk=1
52,South India Shopping mall Textile & Jewellery -Suchitra,,Shopping mall,063097 77923,4.1,"(1,312)",https://www.google.com/maps/place/South+India+Shopping+mall+Textile+%26+Jewellery+-Suchitra/data=!4m7!3m6!1s0x3bcb9b01209cfc15:0x6699701f5b7a2ba!8m2!3d17.5055029!4d78.4784923!16s%2Fg%2F11pphffp3q!19sChIJFfycIAGbyzsRuqK39QGXaQY?authuser=0&hl=en&rclk=1
53,TNR Northcity Mall & Multiplex,·,Shopping mall,,4.2,(248),https://www.google.com/maps/place/TNR+Northcity+Mall+%26+Multiplex/data=!4m7!3m6!1s0x3bcb851670b467c7:0xd51be6b207e8056a!8m2!3d17.502942!4d78.4777601!16s%2Fg%2F11sy3g4z73!19sChIJx2e0cBaFyzsRagXoB7LmG9U?authuser=0&hl=en&rclk=1
54,GS Mall,"5th Floor, Raj Bhavan Rd",Shopping mall,,3.8,(550),https://www.google.com/maps/place/GS+Mall/data=!4m7!3m6!1s0x3bcb90b4f174c1e1:0x25f071c87f45d93f!8m2!3d17.428565!4d78.45629!16s%2Fg%2F11bzy9sgn7!19sChIJ4cF08bSQyzsRP9lFf8hx8CU?authuser=0&hl=en&rclk=1
55,The Chennai Shopping Mall,·,Shopping mall,040 2340 3377,4.0,"(5,383)",https://www.google.com/maps/place/The+Chennai+Shopping+Mall/data=!4m7!3m6!1s0x3bcb90ceccfc57f9:0xec193e9c0174e221!8m2!3d17.433359!4d78.4465218!16s%2Fg%2F1ptwqgm42!19sChIJ-Vf8zM6QyzsRIeJ0AZw-Gew?authuser=0&hl=en&rclk=1
56,A2A Central,·,Shopping mall,,4.3,(664),https://www.google.com/maps/place/A2A+Central/data=!4m7!3m6!1s0x3bcb91287a795141:0x61605805c7e64464!8m2!3d17.4823782!4d78.4486906!16s%2Fg%2F11j4n3c5pp!19sChIJQVF5eiiRyzsRZETmxwVYYGE?authuser=0&hl=en&rclk=1
57,INOX GVK One,·,Shopping mall,040 2475 9997,4.3,"(27,609)",https://www.google.com/maps/place/INOX+GVK+One/data=!4m7!3m6!1s0x3bcb97369b757995:0xe35bc483f2c1ec60!8m2!3d17.4195273!4d78.4485986!16s%2Fg%2F1q5glqxzl!19sChIJlXl1mzaXyzsRYOzB8oPEW-M?authuser=0&hl=en&rclk=1
58,Maangalya shopping mall,"B, Ghatkesar Rd, Beside Bata",Shopping mall,,4.0,"(2,585)",https://www.google.com/maps/place/Maangalya+shopping+mall/data=!4m7!3m6!1s0x3bcb9fb63b3a93ef:0xbafa7bd673804c97!8m2!3d17.4068071!4d78.5943336!16s%2Fg%2F11h6sb419n!19sChIJ75M6O7afyzsRl0yAc9Z7-ro?authuser=0&hl=en&rclk=1
59,Sree Hemadurga Mall,·,Shopping mall,,4.1,(452),https://www.google.com/maps/place/Sree+Hemadurga+Mall/data=!4m7!3m6!1s0x3bcb9ece9ebdee6d:0x5a63245413da899a!8m2!3d17.4021304!4d78.5718939!16s%2Fg%2F11b7xjg7ll!19sChIJbe69ns6eyzsRmonaE1QkY1o?authuser=0&hl=en&rclk=1
60,Lifestyle Stores,·,Shopping mall,1800 123 1555,4.2,"(3,815)",https://www.google.com/maps/place/Lifestyle+Stores/data=!4m7!3m6!1s0x3bcb915828a88fd7:0x4cab786f0c0ed325!8m2!3d17.4337714!4d78.3862876!16s%2Fg%2F1tcwdfgr!19sChIJ14-oKFiRyzsRJdMODG94q0w?authuser=0&hl=en&rclk=1
61,Mega Shopping Mall,"H No 16-11-739/A/7, Gaddi Annaram, Dilsukh Nagar",Shopping mall,,3.7,(180),https://www.google.com/maps/place/Mega+Shopping+Mall/data=!4m7!3m6!1s0x3bcb98f1327a151f:0xad4c5583cfa7eeae!8m2!3d17.3672166!4d78.5242466!16s%2Fg%2F1tdrcv1x!19sChIJHxV6MvGYyzsRru6nz4NVTK0?authuser=0&hl=en&rclk=1
62,Anutex Shopping Mall LLP,"Anutex Shopping Mall, Dr. AS Rao Nagar Rd",Shopping mall,070329 22916,4.1,"(3,656)",https://www.google.com/maps/place/Anutex+Shopping+Mall+LLP/data=!4m7!3m6!1s0x3bcb9b78326353fd:0x8fa2a6f9663f7e35!8m2!3d17.4813568!4d78.5554904!16s%2Fg%2F12hkkm1d_!19sChIJ_VNjMnibyzsRNX4_Zvmmoo8?authuser=0&hl=en&rclk=1
63,Anand Shopping Mall,"Meerpet, X' Road",Shopping mall,094410 84772,3.9,(221),https://www.google.com/maps/place/Anand+Shopping+Mall/data=!4m7!3m6!1s0x3bcba264563349db:0x205b45fa235b9d15!8m2!3d17.3227004!4d78.5282578!16s%2Fg%2F1hm1_nhlt!19sChIJ20kzVmSiyzsRFZ1bI_pFWyA?authuser=0&hl=en&rclk=1
64,Amrutha Mall,"Amrutha Mall, Raj Bhavan Rd",Shopping mall,,4.1,(213),https://www.google.com/maps/place/Amrutha+Mall/data=!4m7!3m6!1s0x3bcb90b4f9cfffff:0xbb211ca0ccc8e5f3!8m2!3d17.4289252!4d78.4559674!16s%2Fg%2F11f1msqf_f!19sChIJ___P-bSQyzsR8-XIzKAcIbs?authuser=0&hl=en&rclk=1
65,Anutex Shopping Mall,"99, CMR Complex, 8 Anutex Shopping Mall, 7 & 8, Hyderabad - Warangal Hwy, beside SBI Bank",Shopping mall,092480 51444,4.0,"(2,302)",https://www.google.com/maps/place/Anutex+Shopping+Mall/data=!4m7!3m6!1s0x3bcb9ebb0f16e529:0xc5e49d1fd14ae5a9!8m2!3d17.406499!4d78.5934518!16s%2Fg%2F124ydtgmf!19sChIJKeUWD7ueyzsRqeVK0R-d5MU?authuser=0&hl=en&rclk=1
66,The Chennai Shopping Mall - Mehdipatnam,·,Shopping mall,040 2351 3399,4.0,"(2,538)",https://www.google.com/maps/place/The+Chennai+Shopping+Mall+-+Mehdipatnam/data=!4m7!3m6!1s0x3bcb971bf2037011:0xdd6ed627cd6ec76b!8m2!3d17.3948297!4d78.4360125!16s%2Fg%2F1hc1r8__z!19sChIJEXAD8huXyzsRa8duzSfWbt0?authuser=0&hl=en&rclk=1
67,JSR Mall,·,Shopping mall,,4.1,(419),https://www.google.com/maps/place/JSR+Mall/data=!4m7!3m6!1s0x3bcb926673f7f067:0xc531449b3247b33!8m2!3d17.4947957!4d78.3482495!16s%2Fg%2F11d_8h6qx9!19sChIJZ_D3c2aSyzsRM3sks0kUUww?authuser=0&hl=en&rclk=1
68,South India Shopping Mall | Attapur,·,Shopping mall,077999 65656,4.0,"(5,349)",https://www.google.com/maps/place/South+India+Shopping+Mall+%7C+Attapur/data=!4m7!3m6!1s0x3bcb964c8fcf5923:0x41080b1c67723170!8m2!3d17.3614483!4d78.4273225!16s%2Fg%2F11c3wvbhd9!19sChIJI1nPj0yWyzsRcDFyZxwLCEE?authuser=0&hl=en&rclk=1
69,Chandana Brothers Shopping Mall Ameerpet,·,Shopping mall,088855 68632,4.0,"(2,541)",https://www.google.com/maps/place/Chandana+Brothers+Shopping+Mall+Ameerpet/data=!4m7!3m6!1s0x3bcb90cbe3e97c73:0x8b1d953d7f49433a!8m2!3d17.4314121!4d78.4478311!16s%2Fg%2F1tg33ny3!19sChIJc3zp48uQyzsROkNJfz2VHYs?authuser=0&hl=en&rclk=1
70,Kanjarla Mall,·,Business center,077998 45544,4.5,(97),https://www.google.com/maps/place/Kanjarla+Mall/data=!4m7!3m6!1s0x3bcb9542dd81dcf3:0x7545be52a8a9b08f!8m2!3d17.3379473!4d78.3139205!16s%2Fg%2F11f32ds4k_!19sChIJ89yB3UKVyzsRj7CpqFK-RXU?authuser=0&hl=en&rclk=1
71,Hyderabad Shopping Mall Adilabad,Cinema Rd,Shopping mall,090148 02143,4.5,(19),https://www.google.com/maps/place/Hyderabad+Shopping+Mall+Adilabad/data=!4m7!3m6!1s0x3bd25c6ff805ffdd:0x5f18f6cca308ba72!8m2!3d19.6737304!4d78.5334678!16s%2Fg%2F11gb402ym5!19sChIJ3f8F-G9c0jsRcroIo8z2GF8?authuser=0&hl=en&rclk=1
72,Amr Planet Mall Moula Ali Ecil Secunderabad,·,Shopping mall,073370 65170,4.4,(660),https://www.google.com/maps/place/Amr+Planet+Mall+Moula+Ali+Ecil+Secunderabad/data=!4m7!3m6!1s0x3bcb9b3979001fdf:0xa6b9969a9ac6a8db!8m2!3d17.4634306!4d78.5602294!16s%2Fg%2F11tx1xzwbt!19sChIJ3x8AeTmbyzsR26jGmpqWuaY?authuser=0&hl=en&rclk=1
73,"KLM Fashion Mall, Dilshukh Nagar",·,Shopping mall,040 6636 3636,3.9,"(7,211)","https://www.google.com/maps/place/KLM+Fashion+Mall,+Dilshukh+Nagar/data=!4m7!3m6!1s0x3bcb99fa2032522d:0x440349e0b904e85b!8m2!3d17.368269!4d78.522775!16s%2Fg%2F11f3n9zr5_!19sChIJLVIyIPqZyzsRW-gEueBJA0Q?authuser=0&hl=en&rclk=1"
74,Prajay Shopping Mall,·,Shopping mall,1800 4254 6464,4.0,(329),https://www.google.com/maps/place/Prajay+Shopping+Mall/data=!4m7!3m6!1s0x3bcb98bddda6eb71:0xa35655d317924041!8m2!3d17.3551564!4d78.5451684!16s%2Fg%2F1vqmgtw5!19sChIJceum3b2YyzsRQUCSF9NVVqM?authuser=0&hl=en&rclk=1
75,Mirra Kamshetty Mall,"9GWH+8H8, Bapu Nagar Rd",Shopping mall,093978 86754,4.1,(504),https://www.google.com/maps/place/Mirra+Kamshetty+Mall/data=!4m7!3m6!1s0x3bcb990f7e3fac9d:0x34a7aa38d8d610d2!8m2!3d17.3957966!4d78.52894!16s%2Fg%2F1q2vxs_tb!19sChIJnaw_fg-ZyzsR0hDW2DiqpzQ?authuser=0&hl=en&rclk=1
76,Sky Mall Multiplex,·,Shopping mall,,3.8,(376),https://www.google.com/maps/place/Sky+Mall+Multiplex/data=!4m7!3m6!1s0x3bcb91fb1c017375:0xc70ab48db44453d!8m2!3d17.4567193!4d78.4378606!16s%2Fg%2F11kc0c7lgg!19sChIJdXMBHPuRyzsRPUVE20ircAw?authuser=0&hl=en&rclk=1
77,South Dreams Mall,"21-1-487, NH 44",Shopping mall,,4.3,(36),https://www.google.com/maps/place/South+Dreams+Mall/data=!4m7!3m6!1s0x3bcb9788705a00ed:0xf036033b3e77efe8!8m2!3d17.3684399!4d78.4733407!16s%2Fg%2F11b_22jn1b!19sChIJ7QBacIiXyzsR6O93PjsDNvA?authuser=0&hl=en&rclk=1
78,J.S.R SHOPPING MALL,,Shopping mall,,4.2,(84),https://www.google.com/maps/place/J.S.R+SHOPPING+MALL/data=!4m7!3m6!1s0x3bcb976673e5fb0f:0x2469c898b6a93973!8m2!3d17.373826!4d78.4162563!16s%2Fg%2F11r_xcl2g0!19sChIJD_vlc2aXyzsRczmptpjIaSQ?authuser=0&hl=en&rclk=1
79,Pvt market kothapet dilsukhnagar Hyderabad 500035,·,Shopping mall,,4.1,"(6,616)",https://www.google.com/maps/place/Pvt+market+kothapet+dilsukhnagar+Hyderabad+500035/data=!4m7!3m6!1s0x3bcb98e959015689:0xfe758eee6bc055ac!8m2!3d17.367185!4d78.5385176!16s%2Fg%2F11cn7tczwy!19sChIJiVYBWemYyzsRrFXAa-6Odf4?authuser=0&hl=en&rclk=1
80,Asian Satyam Mall,·,Shopping mall,,4.2,(684),https://www.google.com/maps/place/Asian+Satyam+Mall/data=!4m7!3m6!1s0x3bcb9108321933bd:0xb45ea95e2e33edbe!8m2!3d17.4371889!4d78.4484324!16s%2Fg%2F11sr_wk_rt!19sChIJvTMZMgiRyzsRvu0zLl6pXrQ?authuser=0&hl=en&rclk=1
81,The Chennai Shopping Mall - A S Rao Nagar,·,Shopping mall,040 2712 5233,4.0,"(3,733)",https://www.google.com/maps/place/The+Chennai+Shopping+Mall+-+A+S+Rao+Nagar/data=!4m7!3m6!1s0x3bcb9b783bf0547f:0x73e08173730ad31d!8m2!3d17.4804943!4d78.5557488!16s%2Fg%2F1pp2ty87s!19sChIJf1TwO3ibyzsRHdMKc3OB4HM?authuser=0&hl=en&rclk=1
82,Maangalya Shopping Mall,NH 65,Shopping mall,040 2988 5353,3.8,"(2,822)",https://www.google.com/maps/place/Maangalya+Shopping+Mall/data=!4m7!3m6!1s0x3bcb93435f498351:0x6b686d731eaa965b!8m2!3d17.4955783!4d78.3412706!16s%2Fg%2F11fj4vlspn!19sChIJUYNJX0OTyzsRW5aqHnNtaGs?authuser=0&hl=en&rclk=1
83,Sriven Mall,Sriven Grand Mall Bolarum Road Adj Reddy's Labs Miyapur,Shopping mall,087904 44088,3.7,(860),https://www.google.com/maps/place/Sriven+Mall/data=!4m7!3m6!1s0x3bcb920cc0fcf565:0x6d701f51434fe200!8m2!3d17.5066279!4d78.3621133!16s%2Fg%2F11b825lk19!19sChIJZfX8wAySyzsRAOJPQ1EfcG0?authuser=0&hl=en&rclk=1
84,"KLM Fashion Mall, Suchithra",·,Shopping mall,040 2723 5260,3.9,"(2,186)","https://www.google.com/maps/place/KLM+Fashion+Mall,+Suchithra/data=!4m7!3m6!1s0x3bcb9b6f0d92002d:0x5cd18bd768b5a062!8m2!3d17.5045843!4d78.4782127!16s%2Fg%2F11fcvbj5qn!19sChIJLQCSDW-byzsRYqC1aNeL0Vw?authuser=0&hl=en&rclk=1"
85,Vaishnavi Onyx-1,·,Shopping mall,,4.1,(220),https://www.google.com/maps/place/Vaishnavi+Onyx-1/data=!4m7!3m6!1s0x3bcb99772150cb11:0x77cdeba7cd01551c!8m2!3d17.3581133!4d78.5445419!16s%2Fg%2F11gmdk26l3!19sChIJEctQIXeZyzsRHFUBzafrzXc?authuser=0&hl=en&rclk=1
86,Sanali Mall,·,Shopping mall,,3.9,(192),https://www.google.com/maps/place/Sanali+Mall/data=!4m7!3m6!1s0x3bcb99d813735e99:0x93e79acf7b624d95!8m2!3d17.393116!4d78.4759621!16s%2Fg%2F11h7rr08x7!19sChIJmV5zE9iZyzsRlU1ie8-a55M?authuser=0&hl=en&rclk=1
87,J.C Brother's family Shopping Mall,·,Shopping mall,,4.2,(194),https://www.google.com/maps/place/J.C+Brother%27s+family+Shopping+Mall/data=!4m7!3m6!1s0x3bcb910e426291d1:0x403725bc2a4020c!8m2!3d17.4934636!4d78.4034341!16s%2Fg%2F11p5qp9d_4!19sChIJ0ZFiQg6RyzsRDAKkwltyAwQ?authuser=0&hl=en&rclk=1
88,Downtown Mall,·,Shopping mall,,4.0,(530),https://www.google.com/maps/place/Downtown+Mall/data=!4m7!3m6!1s0x3bcb9771d0421005:0x2d204ce2c23ce5fe!8m2!3d17.4044223!4d78.4610985!16s%2Fg%2F11gk8nvcdz!19sChIJBRBC0HGXyzsR_uU8wuJMIC0?authuser=0&hl=en&rclk=1
89,South India Shopping Mall Textile & Jewellery– Patny,"No.1-1-76 to 82, Opp: Head Post Office, Rashtrapati Rd",Shopping mall,077999 65656,4.0,"(4,039)",https://www.google.com/maps/place/South+India+Shopping+Mall+Textile+%26+Jewellery%E2%80%93+Patny/data=!4m7!3m6!1s0x3a350000000001b9:0x332a287a86c885!8m2!3d17.4421439!4d78.495777!16s%2Fg%2F11_q3k7mx!19sChIJuQEAAAAANToRhciGeigqMwA?authuser=0&hl=en&rclk=1
90,"KLM Fashion Mall, Chandanagar",·,Shopping mall,040 2988 3972,3.9,"(3,361)","https://www.google.com/maps/place/KLM+Fashion+Mall,+Chandanagar/data=!4m7!3m6!1s0x3bcb93313885c305:0x9cb15c866408a62!8m2!3d17.4948003!4d78.3329226!16s%2Fg%2F11h32z96fz!19sChIJBcOFODGTyzsRYopAZsgVywk?authuser=0&hl=en&rclk=1"
91,Raja Bahadur Venkatarama Reddy Shopping Complex,"4-3-4/3, Hanuman Tekdi Rd",Shopping mall,040 2475 3561,4.0,(734),https://www.google.com/maps/place/Raja+Bahadur+Venkatarama+Reddy+Shopping+Complex/data=!4m7!3m6!1s0x3bcb99d6fb5983f9:0xdc0b2ae8ec2c9ea4!8m2!3d17.3896123!4d78.4786012!16s%2Fg%2F1tnpjgd_!19sChIJ-YNZ-9aZyzsRpJ4s7OgqC9w?authuser=0&hl=en&rclk=1
92,Sadaf Mall,4-122,Shopping mall,040 2303 2106,3.7,(200),https://www.google.com/maps/place/Sadaf+Mall/data=!4m7!3m6!1s0x3bcb929165196965:0x1942fffbab7603c!8m2!3d17.494748!4d78.323645!16s%2Fg%2F1tfd0vlg!19sChIJZWkZZZGSyzsRPGC3uv8vlAE?authuser=0&hl=en&rclk=1
93,Fortune Monarch Mall,·,Shopping mall,,3.8,(500),https://www.google.com/maps/place/Fortune+Monarch+Mall/data=!4m7!3m6!1s0x3bcb914610d4b539:0x83d7d55627921b65!8m2!3d17.4354941!4d78.4022778!16s%2Fg%2F11clzkq747!19sChIJObXUEEaRyzsRZRuSJ1bV14M?authuser=0&hl=en&rclk=1
94,SMP Towers Shopping Mall,·,Shopping mall,096664 77866,4.1,(608),https://www.google.com/maps/place/SMP+Towers+Shopping+Mall/data=!4m7!3m6!1s0x3bcb9827512ea71f:0xc822076e04c920e4!8m2!3d17.3638635!4d78.4752018!16s%2Fg%2F11dybr47f5!19sChIJH6cuUSeYyzsR5CDJBG4HIsg?authuser=0&hl=en&rclk=1
95,S.S.K.Mall,·,Shopping mall,084668 34002,3.8,(428),https://www.google.com/maps/place/S.S.K.Mall/data=!4m7!3m6!1s0x3bcb978123f151bd:0xced127ab6ba200c3!8m2!3d17.3758802!4d78.4719136!16s%2Fg%2F1ygvszzp1!19sChIJvVHxI4GXyzsRwwCia6sn0c4?authuser=0&hl=en&rclk=1
96,Lotus Square Mall,·,Shopping mall,040 2933 5527,4.2,(84),https://www.google.com/maps/place/Lotus+Square+Mall/data=!4m7!3m6!1s0x3bcb99ff9577d70b:0xd876c164d88dd9bb!8m2!3d17.3414453!4d78.5538551!16s%2Fg%2F11s0t0zqns!19sChIJC9d3lf-ZyzsRu9mN2GTBdtg?authuser=0&hl=en&rclk=1
97,Srila Mall,·,Shopping mall,,4.2,(44),https://www.google.com/maps/place/Srila+Mall/data=!4m7!3m6!1s0x3bcb99362867d4cd:0xe696b9e84a38a1ed!8m2!3d17.3887845!4d78.4755!16s%2Fg%2F11txw9z7ms!19sChIJzdRnKDaZyzsR7aE4Sui5luY?authuser=0&hl=en&rclk=1
98,Metro,·,Wholesaler,,4.2,"(16,547)",https://www.google.com/maps/place/Metro/data=!4m7!3m6!1s0x3bcb91afbbaa2369:0x9b4655075c4f42f1!8m2!3d17.4804319!4d78.4192977!16s%2Fg%2F1tfb0fzq!19sChIJaSOqu6-RyzsR8UJPXAdVRps?authuser=0&hl=en&rclk=1
99,SHREE BALAJI SHOPPING MALL,"H.No 5-4-1680/1, Sushama Sai, Plot.No 9, Hayath Nagar Rd, beside Apollo",Shopping mall,040 2412 5534,3.9,(423),https://www.google.com/maps/place/SHREE+BALAJI+SHOPPING+MALL/data=!4m7!3m6!1s0x3bcba1fc619ab359:0xd5842f5cd4758c30!8m2!3d17.3352368!4d78.5745574!16s%2Fg%2F1vljds_w!19sChIJWbOaYfyhyzsRMIx11FwvhNU?authuser=0&hl=en&rclk=1
100,C P S G V K One,·,Shopping mall,,4.2,(697),https://www.google.com/maps/place/C+P+S+G+V+K+One/data=!4m7!3m6!1s0x3bcb973696daf301:0xc116c239718a15f!8m2!3d17.4190351!4d78.4485003!16s%2Fg%2F11csswlqch!19sChIJAfPaljaXyzsRX6EYlyNsEQw?authuser=0&hl=en&rclk=1
101,"Westside | Nexus Mall, Hyderabad",·,Shopping mall,040 6461 6401,4.2,"(3,581)","https://www.google.com/maps/place/Westside+%7C+Nexus+Mall,+Hyderabad/data=!4m7!3m6!1s0x3bcb91893e50f465:0xee67d261cee5d63c!8m2!3d17.4846828!4d78.3886297!16s%2Fg%2F11btt7gt74!19sChIJZfRQPomRyzsRPNblzmHSZ-4?authuser=0&hl=en&rclk=1"
102,"KLM Fashion Mall, Vanasthalipuram",·,Shopping mall,040 4026 7778,4.0,"(2,098)","https://www.google.com/maps/place/KLM+Fashion+Mall,+Vanasthalipuram/data=!4m7!3m6!1s0x3bcb99e37c15c2d5:0x55c00ba2ed96c58d!8m2!3d17.3409711!4d78.5636361!16s%2Fg%2F11fqs_6jjq!19sChIJ1cIVfOOZyzsRjcWW7aILwFU?authuser=0&hl=en&rclk=1"
103,Westend Mall,·,Shopping mall,,4.0,(254),https://www.google.com/maps/place/Westend+Mall/data=!4m7!3m6!1s0x3bcb9184b837a7cf:0x6f82ec75d2bb9984!8m2!3d17.4355367!4d78.4022006!16s%2Fg%2F11gsc29dp_!19sChIJz6c3uISRyzsRhJm70nXsgm8?authuser=0&hl=en&rclk=1
104,nakoda shopping mall,"pathi devanandam complex main road, narsingi",Shopping mall,,4.9,(19),https://www.google.com/maps/place/nakoda+shopping+mall/data=!4m7!3m6!1s0x3bcb94466b4380bd:0x628b5c1ef8a6f273!8m2!3d17.386944!4d78.356872!16s%2Fg%2F11gdsz9x28!19sChIJvYBDa0aUyzsRc_Km-B5ci2I?authuser=0&hl=en&rclk=1
105,"KLM Fashion Mall, Peerzadiguda","Survey no.102 Plot, 1, Hyderabad - Warangal Hwy, opp. Tulip Grand Hotel",Shopping mall,,3.9,"(1,365)","https://www.google.com/maps/place/KLM+Fashion+Mall,+Peerzadiguda/data=!4m7!3m6!1s0x3bcb9f73b169609b:0xb4d6916153fb232a!8m2!3d17.4076267!4d78.5971821!16s%2Fg%2F11fnpnst0v!19sChIJm2BpsXOfyzsRKiP7U2GR1rQ?authuser=0&hl=en&rclk=1"
106,Next PREMIA,·,Shopping mall,040 4276 7884,4.0,(118),https://www.google.com/maps/place/Next+PREMIA/data=!4m7!3m6!1s0x3bcb97c00671e795:0x8b9586b2143350bb!8m2!3d17.4207099!4d78.4555743!16s%2Fg%2F11rstskcq3!19sChIJledxBsCXyzsRu1AzFLKGlYs?authuser=0&hl=en&rclk=1
107,SR SHOPPING MALL,"6-5-300/NR, Beside Kotak Mahindra Bank, Vanasthalipuram",Clothing store,,4.3,(19),https://www.google.com/maps/place/SR+SHOPPING+MALL/data=!4m7!3m6!1s0x3bcba362b74d2b9f:0x9a121d84d54359a4!8m2!3d17.3232744!4d78.5654227!16s%2Fg%2F11rhxlpp7h!19sChIJnytNt2KjyzsRpFlD1YQdEpo?authuser=0&hl=en&rclk=1
108,Galleria Mall skywalk,·,Shopping mall,1800 4254 6464,4.3,(19),https://www.google.com/maps/place/Galleria+Mall+skywalk/data=!4m7!3m6!1s0x3bcb93a61cd2a2b9:0x5b9eb8fd0b4e6124!8m2!3d17.4482821!4d78.3841516!16s%2Fg%2F11v3_1gt3g!19sChIJuaLSHKaTyzsRJGFOC_24nls?authuser=0&hl=en&rclk=1
109,Baggit | DSL Virtue Mall | Uppal | Hyderabad,·,Shopping mall,040 4567 8005,4.8,(59),https://www.google.com/maps/place/Baggit+%7C+DSL+Virtue+Mall+%7C+Uppal+%7C+Hyderabad/data=!4m7!3m6!1s0x3bcb99d2fab2436b:0x7d0d7632cc6dcba6!8m2!3d17.3998101!4d78.5552535!16s%2Fg%2F11fqbzdhm0!19sChIJa0Oy-tKZyzsRpsttzDJ2DX0?authuser=0&hl=en&rclk=1
110,Dundoo mall,·,Shopping mall,,3.9,(20),https://www.google.com/maps/place/Dundoo+mall/data=!4m7!3m6!1s0x3bcb9a177d3cf029:0xd83bd4d2364498c3!8m2!3d17.4396054!4d78.4945535!16s%2Fg%2F11b7jld4kh!19sChIJKfA8fReayzsRw5hENtLUO9g?authuser=0&hl=en&rclk=1
111,"Westside - SCC Mall, Kothaguda",·,Shopping mall,086575 18711,4.1,"(1,501)","https://www.google.com/maps/place/Westside+-+SCC+Mall,+Kothaguda/data=!4m7!3m6!1s0x3bcb93285e772607:0xe3702d4914de351d!8m2!3d17.4573386!4d78.3631955!16s%2Fg%2F11gzs18h3t!19sChIJByZ3XiiTyzsRHTXeFEktcOM?authuser=0&hl=en&rclk=1"
112,"The White Crow, Hyderabad",·,Shopping mall,063021 33751,4.2,(212),"https://www.google.com/maps/place/The+White+Crow,+Hyderabad/data=!4m7!3m6!1s0x3bcb913d8d292437:0xbf39dbe0deaf50d1!8m2!3d17.4246147!4d78.4325937!16s%2Fg%2F11mw0hbq8b!19sChIJNyQpjT2RyzsR0VCv3uDbOb8?authuser=0&hl=en&rclk=1"
113,Palika Shopping Center,"CFMX+XMP, Secunderabad Railway Station Rd",Shopping mall,,4.0,(961),https://www.google.com/maps/place/Palika+Shopping+Center/data=!4m7!3m6!1s0x3bcb9a221f17e78d:0x8a4e577fe50721e9!8m2!3d17.4349517!4d78.4992098!16s%2Fg%2F11g9q9mnl4!19sChIJjecXHyKayzsR6SEH5X9XToo?authuser=0&hl=en&rclk=1
114,S.K.Mahavir Mall,"H.No.6-3-894, Opp Jaya Gardens, Raj Bhavan Rd",Shopping mall,040 4007 2191,3.9,(14),https://www.google.com/maps/place/S.K.Mahavir+Mall/data=!4m7!3m6!1s0x3bcb90b4b988bc19:0x83656e96b12b2ce7!8m2!3d17.4271558!4d78.4570237!16s%2Fg%2F11bw4p3f0r!19sChIJGbyIubSQyzsR5ywrsZZuZYM?authuser=0&hl=en&rclk=1
115,White House,·,Shopping mall,,4.2,(995),https://www.google.com/maps/place/White+House/data=!4m7!3m6!1s0x3bcb90b710e6bac1:0xd4c4959602cf78da!8m2!3d17.435937!4d78.456348!16s%2Fg%2F11hdw8g54z!19sChIJwbrmELeQyzsR2njPApaVxNQ?authuser=0&hl=en&rclk=1
116,Max,·,Shopping mall,081210 29972,4.0,"(4,885)",https://www.google.com/maps/place/Max/data=!4m7!3m6!1s0x3bcb928a52779f7f:0x3ac64610a8966ee7!8m2!3d17.495928!4d78.3366906!16s%2Fg%2F11byx8dg1_!19sChIJf593UoqSyzsR526WqBBGxjo?authuser=0&hl=en&rclk=1
117,Inorbit Mall Play Area,·,Shopping mall,040 4488 0000,4.3,"(1,323)",https://www.google.com/maps/place/Inorbit+Mall+Play+Area/data=!4m7!3m6!1s0x3bcb91582b47e295:0x3d2d32484c62666a!8m2!3d17.4341267!4d78.387022!16s%2Fg%2F11c1pkgrjl!19sChIJleJHK1iRyzsRamZiTEgyLT0?authuser=0&hl=en&rclk=1
118,PNR EMPIRE,·,Shopping mall,,4.0,"(5,849)",https://www.google.com/maps/place/PNR+EMPIRE/data=!4m7!3m6!1s0x3bcb91ecf425e4cd:0x380ec81df8c0a54b!8m2!3d17.4956564!4d78.3995805!16s%2Fg%2F11cm2jn6xd!19sChIJzeQl9OyRyzsRS6XA-B3IDjg?authuser=0&hl=en&rclk=1
119,Max,"P No 31/1, Anutex Building, 31/2V, Ganesh Temple Rd",Shopping mall,097053 47912,3.9,"(5,181)",https://www.google.com/maps/place/Max/data=!4m7!3m6!1s0x3bcba1fa9c88df8f:0x58c7b47a6c59b2bf!8m2!3d17.3358534!4d78.5697616!16s%2Fg%2F11bwqbrhkn!19sChIJj9-InPqhyzsRv7JZbHq0x1g?authuser=0&hl=en&rclk=1
120,MPM Timesquare Mall,·,Shopping mall,099495 90009,4.0,(76),https://www.google.com/maps/place/MPM+Timesquare+Mall/data=!4m7!3m6!1s0x3bcb9734c9d9cbc9:0xb311480eeb3c80d0!8m2!3d17.4252921!4d78.4482078!16s%2Fg%2F1ptx5f3rm!19sChIJycvZyTSXyzsR0IA86w5IEbM?authuser=0&hl=en&rclk=1
121,Imperial towers by Jade infra projects,·,Shopping mall,,4.1,"(2,282)",https://www.google.com/maps/place/Imperial+towers+by+Jade+infra+projects/data=!4m7!3m6!1s0x3bcb90cf397c9385:0x3875d2e8b1eddc45!8m2!3d17.4353657!4d78.4455349!16s%2Fg%2F11cmrzsxmt!19sChIJhZN8Oc-QyzsRRdztsejSdTg?authuser=0&hl=en&rclk=1
