index,Name,Address,Category,Phone,Avg_review,Reviews
2,"Sri Rudra Pooja Store, Nacharam",Nacharam - Mallapur Rd,Religious goods store,089260 23456,4.9,(512)
3,Sri Santhoshi Matha Pooja Samagri Stores,"H-1-110/A/92, Lane, beside Appollo Pharmacy",Religious goods store,062814 30596,5.0,(214)
4,SRI SAI POOJA SAMAGRI,·,Religious goods store,040 2374 5578,4.1,(947)
5,SRI SANTHOSHI MATHA POOJA SAMAGRI STORES,·,Religious goods store,093469 88491,4.9,"(1,195)"
6,Sri Yagnaa Pooja Samagri Stores Ameerpet,"H.no:8-2, 1/6/B, Srinagar Colony Main Rd, opp. Axis Bank",Religious goods store,091004 44933,4.9,(78)
7,AYYAPPA POOJA STORE,"BUS STOP, Rampally Main Rd",Religious goods store,098480 82857,4.9,(170)
8,Sri Sai Pooja Samagri,·,Religious goods store,040 2771 1178,3.9,(348)
9,Ayyappa pooja stores,"5-11-49, Mother Theresa School lane, beside Gopal Jewelry",Religious goods store,099896 77716,5.0,(101)
10,AYYAPPA POOJA STORE,9HWR+8J5,Religious goods store,090002 37731,4.9,(114)
11,Tirumala Pooja Store,·,Religious goods store,097002 10846,4.5,(24)
12,SAMPRADAYA POOJA STORES,"opp: vivekananda park, 6-3-2197/c/691",Religious goods store,090305 67465,4.8,(234)
13,Sri Guru Datta Pooja Stores,"5-29/1/4, Sri Laxmi Nagar colony, opp. to Yati House Restaurant (Aahar Restaurant, near Indira Gandhi Statue",Religious goods store,090525 33555,4.2,(115)
14,Sri Sri Sai Pooja Samagri,·,Religious goods store,076619 46060,4.0,(475)
15,SRI MAYURI POOJA SAMAGRI - Best Pooja Store In Hyderabad,"Sri mayuri pooja samagri, kphb 9th phase, bloomingdale building, ground floor Kphb 9th phase , gokul plots circle",Religious goods store,081850 33999,4.7,(85)
16,Sri Balaji Pooja Samagri,·,Religious goods store,077801 27448,4.7,(205)
17,Sri Pooja Stores,22-78,Store,090639 06480,4.9,(89)
18,Sri Gayatri Pooja Stores,·,Religious goods store,097017 02827,4.0,"(1,141)"
19,"Dhaakshani All Pooja Samagri Wholesale & Retail, Hyderabad, India","back gate, My Home Vihanga Rd",Religious goods store,,4.5,(38)
20,Sri Yagnaa Pooja Samagri Stores Manikonda,"Besides Preetam Hospital, Lanco Hills Rd",Religious goods store,091338 10555,4.6,(138)
21,Sreemayee Pooja Store,·,Home goods store,092461 18767,5.0,(30)
22,sri sai durga pooja samagri wholesale and retail,"LIG-89, Green Hills Rd",Religious goods store,094408 91550,4.9,(46)
23,Hanuman pooja store,·,Religious goods store,098662 77222,4.9,(37)
24,Sri Kamadhenu Pooja Samagri,"1, 36/1 8/1, Ameenpur Rd",Religious goods store,,4.6,(74)
25,Sri Yagnaa Pooja Samagri Stores Krishna Nagar,·,Religious goods store,095023 26964,4.8,(50)
26,OM SRI LAKSHMI NARASIMAHA Pooja Stores WHOLE SALE&RETAIL,"1, Erragadda Main Rd, beside Gokul Theater Compound",Religious goods store,093465 44555,4.9,(211)
27,Sri Vijaya Pooja Samagri,·,Religious goods store,040 4012 3778,4.4,(27)
28,Sai Pooja Samagri,·,Religious goods store,063091 30785,4.0,(144)
29,"Divine Sutra, Pooja samagri store Hyderabad",37-33,Religious goods store,084700 10367,4.8,(14)
30,Vedajanani Pooja Stores,·,Store,,4.5,(300)
31,Sai Pooja Stores,"Shop No-3, Sai Balaji Homes, Beside HP Gas Agency, Near Indra Nagendra Theatre Karmanghat",Religious goods store,093932 44204,4.4,(101)
32,Dhatri Pooja Samagri ( Dhatri stores),"Botanical garden road, Main Rd, near medplus",Religious goods store,073821 17798,4.3,(47)
33,Sri vaishnavi pooja stores,"H.no 5-311/1, plot no. 460 2nd om janda",Religious goods store,099922 29526,4.8,(8)
34,"Sri Gayatri pooja store & Wholesale Retail distributors, Hyderabad","Hno 23-117, beside ganesh temple",Religious goods store,094911 24192,5.0,(7)
35,Panditji Pooja Store,"H.no 14-4-239/5 Shah Inayath Gunj, Goshamahal",Religious goods store,083281 34870,4.7,(66)
36,Naresh Pooja Samagri,"Shop No. 4-123, Manjeera Rd, opp. Vicky Function Hall",Religious goods store,095056 20928,4.3,(27)
37,Aacharya Silks And Pooja Store,"G5, Kanhaiyalal Complex, Main, Nehru Outer Ring Rd",Religious goods store,090635 13506,4.6,(34)
38,Krishna Pooja Samagri,"13-63, Main Road",Craft store,094142 12331,4.2,(54)
39,Ganesh Narayan Pooja Samagri,"Sai krupa building, NM Guda Rd, near Hanuman temple Entrance, beside lane of goverdham traders",Religious goods store,079816 18897,4.9,(70)
40,Sri Vijaya Pooja Samagri,·,Religious goods store,084134 02224,3.7,(250)
41,Sri Madhuri Pooja Stores,"plot no-42 , LIG Phase V SF Colony Vanasthalipuram",Religious goods store,098488 59542,5.0,(71)
42,"Sri Srinivasa pooja Samagri, Kukatpally","Plot no 95, House 5, 3-185, opp. chintapatla venkaiah park",Religious goods store,,5.0,(9)
43,Bhakthi Pooja Samagri,"H No.2-23-487,Plot No.380,HMT Hills, Backside Ramalayam,JNTU Roaf",Religious goods store,080999 96014,4.9,(80)
44,A. Narsing Rao Pooja Samagri Stores,"10-1, 327, Street Number 7",Religious goods store,092475 82076,4.1,(18)
45,SAI GANESHA POOJA SAMAGRI,"H.No.4-124, Nimmagadda Plaza, Manjeera Rd, opp. Anitha Nursing Home",Religious goods store,093355 53666,4.9,(26)
46,Shabari Pooja Stores & Kerala Store,"17-1-604, Station Road",Religious goods store,099492 75852,4.3,(45)
47,Dhatri Pooja Samagri,"Gopannapalli, Road, beside Akshara Pharmeasy, opp. RAMKY ONE GALAXIA",Religious goods store,063009 53172,4.6,(123)
48,Sai Balaji Pooja Samagri,"15-6-229/1/F, D R Complex & Mama Complex, Begum Bazaar, Begum Bazaar 500012",Store,040 2474 1829,4.6,(20)
49,OM SAI POOJA SAMAGRI,·,Religious goods store,063091 30785,4.3,(15)
50,Sri Venkateswara Pooja Samagri Store,·,Home goods store,098663 46038,4.8,(47)
51,RAGHAVENDRA POOJA STORES,·,Religious goods store,093900 35739,4.3,(26)
52,Sri Vijaya Pooja Samagri Stores,·,Religious goods store,,3.8,(154)
53,"SRI VAISHNAVI POOJA SAMAGRI, POOJA ITEMS","11-1/B/11, Bpm green land's colony",Religious goods store,,4.9,(15)
54,Sri Vijaya Pooja Samagri,·,Religious goods store,091212 89090,3.9,(95)
55,Sri Yagnaa Pooja Samagri Stores,"H.no 16-107/8/1, Plot no 3 ICRISAT colony, Phase 2 near masjid Beeramguda, Ameenpur, Sangareddy",Religious goods store,091338 10333,4.9,(13)
56,Sri Sai Ram Pooja Samagri Stores,·,Grocery store,090304 26427,4.1,(63)
57,sri Shiva sai pooja Store,near venkatreddynagar busstop,Store,094921 71744,4.7,(13)
58,Sri Durga bhavani pooja samagri,2-1 2,Religious goods store,,4.9,(10)
59,Sri Tulja Bhavani Pooja Stores,·,Religious goods store,,4.1,(47)
60,Om Sri Sai Plastics Pooja Samagri,·,Store,096182 40334,4.4,(25)
61,Balaji pooja samagri & stationary,·,Religious goods store,082978 33555,4.5,(16)
62,Sri Vijaya Pooja Samagri,"Near Usha Mullapudi Common, Behind South India Shopping Mall, Usha Mullapudi Road",Religious goods store,092461 16722,3.8,(127)
63,Sri Vijayalaxmi Pooja Store,"Neknampur Road Huda, Neknampur",Religious goods store,092478 01307,4.7,(32)
64,Aadhigurus Pooja Stores,"2-85, Market Road",Religious goods store,089852 32523,4.8,(12)
65,SRI LAKSHMI GANAPATHI POOJA SAMAGRI,Suguna nilayam,Religious goods store,099635 87362,4.2,(30)
66,Hari Annapurna Pooja Store,Unnamed Road,Store,,4.1,(34)
67,Ayyappa pooja store,House no 4-1269/B plot nob150&151,Religious goods store,090006 55212,5.0,(13)
68,Om Sai Pooja Samagri,·,Religious goods store,083175 58473,4.4,(40)
69,Chaitanya Coconut Traders & Pooja Store,·,Religious goods store,099492 28823,4.5,(63)
70,MARUTHI POOJA STORES & HOME NEEDS,Road No. 5,Grocery store,092474 04546,4.4,(27)
71,Laxminarayan Poojan Samagri,·,Store,090000 13496,4.4,(179)
72,SRI SAI SANGMESHWARA POOJA SAMAGRI AND KIRANA,"12-7-133/3, opposite CHITTARAMMA TEMPLE, near by GHMC office",Store,099897 51360,5.0,(72)
73,Sree Lakshmi Pooja Stores,·,Collectibles store,085229 61855,4.1,(27)
74,SAI LAKSHMI POOJA STORES,"90/3c, 90/3c, Madhavi Nagar Rd",Religious goods store,086884 18388,4.5,(41)
75,M/s RAGHAVENDRA POOJA STORES,"H.NO: 15, 21-1",General store,085002 90245,4.9,(15)
76,Laxmi Prabhu Pooja Stores,inside Durga Matha Common,Store,099490 24070,4.8,(12)
77,Sri Venkateshwara coconuts and pooja store wholesale and retail,"FC38+Q4W, RK Society Rd",Religious goods store,,4.0,(3)
78,Sri Sai Pooja Stores,"Kismatpur Rd, beside Apollo Pharmacy",Religious goods store,093918 51849,4.3,(48)
79,OM SHREE POOJA SAMAGRI STORE,·,Religious goods store,093934 16191,4.0,(37)
80,poojadhravyam18 POOJA SAMAGRI STORE,·,Gift shop,090006 66149,4.4,(52)
81,Om Sri Padmalaya Pooja Samagri Stores,"function hall, plot no.66 opp.ravinder reddy, road",Religious goods store,094947 40945,5.0,(20)
82,Harsha Sree Pooja Samagri Wholesale & Retail Store,"8FXH+JM5, Unnamed Road",Religious goods store,079957 10335,3.8,(5)
83,Sai Pooja Samagri Store,·,Religious goods store,098482 32259,3.8,(78)
84,Kalyan Pooja Gruha (Store),"4-5-527, Opposite Police Station Sultan Bazar",Religious goods store,090305 79397,4.7,(6)
85,Hari Om Pooja Samagri,Manjeera Rd,Religious goods store,099497 58168,4.3,(38)
86,Sree Advaita Pooja Stores,"Plot No 103, Sharadha Mandapam, Opp, Golden Temple Rd",Religious goods store,,4.0,(21)
87,Sri Padmalaya Pooja Stores,1-93/3/12/1,Religious goods store,079951 99984,4.4,(25)
88,Venkateswara Pooja Store,"2-2-38/1, near Sampoorna Supermarket",Religious goods store,,4.4,(7)
89,Gokul Pooja Stores,·,Religious goods store,098668 41517,3.8,(14)
90,Sri kamakshi Pooja Samagri Stores,·,Religious goods store,092461 16722,3.7,(42)
91,Laxmi Narayana Pooja Store,·,Religious goods store,092463 48733,4.5,(12)
92,OM POOJA SAMAGRI STORE,"Arul colony,plot no-41,Hi Tension Road, A.S Rao Nagar,Kapra",General store,089784 73320,4.0,(22)
93,Trinetra Pooja Samagri,·,Religious goods store,090002 82325,3.9,(36)
94,Sri Mahalaxmi Puja Store,SRL Colony Main Rd,Supermarket,090307 12090,4.5,(31)
95,G V R MANU'S POOJA STORE,"Datta Sai nagar colony, Plot no .63, Bollaram Rd, opp. narenn Garden",Religious goods store,,3.8,(15)
96,Siri Pooja Stores,"22, First Floor, New Vegetable Market",Religious goods store,098661 34353,4.2,(15)
97,Seetharama Pooja store,"seetharama pooja store, at",Store,096761 76992,4.8,(12)
98,Daakshayani pooja store,Golden Temple Rd,General store,099899 25567,4.3,(16)
99,Sri Parameshwara pooja store,MIG-314,Home goods store,,5.0,(5)
100,Balaji Pooja Store,"CCVX+393, Balkampet",General store,063090 66370,3.9,(14)
101,Gowshik Pooja Samagri Store,"Narayanguda Cross road, beside Vegetable Market Road",General store,073374 23354,4.5,(4)
102,SRI SRINIVASA SAI POOJA SAMAGRI STORES,Gudimalkapur,General store,098857 01600,4.5,(11)
103,Anjana Coconut & Pooja Stores,"10-1-324, Dargah Rd",Religious goods store,096760 07365,4.3,(18)
104,R.K Pooja Stores,·,Grocery store,094400 33569,4.5,(26)
105,Sree Sai Datta Pooja Samagri,"9/1, 34/45/B",Market,073966 67416,4.3,(16)
106,Online poojan samagri Store,14-4-27,Religious goods store,,4.5,(13)
107,Kranti Pooja Store,"Shop No: 1-298, Beside Hanuman Temple, X Road",Store,099489 66163,5.0,(9)
108,Sharanam pooja store,"Shop No- 7, Mytri Vihar Apartments, lane, opposite TV studio",Religious goods store,098496 31412,4.4,(5)
109,Balaji poojan samagri,"Hanuman mandir, Bharathi complex, beside HDFC bank ATM",Religious goods store,096664 00367,4.9,(27)
110,Pooja stores,Plot no 125,General store,098490 72059,4.2,(68)
111,seshasai pooja stores,"8HJ9+HX7, Rhythu Bazar Rd",Religious goods store,098495 56295,4.3,(8)
112,SRIKARA POOJA STORES,"at Pillar no. 1534, Left lane, Shop no.1, near Sri Kanaka Durga Maatha Temple",Religious goods store,099668 86070,5.0,(2)
113,Sri Sai Pooja Samagri,"Bus Stop, 15-25-890/7/A/1 & 2",Religious goods store,,4.7,(3)
114,Om Sri Manikhanta Pooja Samaghri,"# 30, G.K. Nagar, Sainathpuram, A.S.",Religious goods store,099893 02693,3.5,(14)
115,Bhanu Pooja Stores,"12-4-67, S.V.N., Papayyapet Chaman",Home goods store,099489 61480,4.0,(18)
116,Sri Siddi Vinayaka Pooja Store,"871, Pragathi Nagar Rd",Home goods store,099591 90862,4.4,(12)
117,Sri Sai Pooja Samagri,"15-1-605,, 15-7-605,605/1",Religious goods store,063091 30785,2.9,(23)
118,Shree Swastik Pooja Samagri Store,"Shivnath Mangilal sweet house, 4-6-301, Esamia Bazar Rd",Religious goods store,079818 04459,5.0,(8)
119,SRI LAKSHMI VEDHA GANAPATHI POOJA STORE,"Mounika Towers, 1-81, Hitech City Rd",General store,,5.0,(4)
120,P. Sathyanarayana Kirana Pooja Samagri Store,"87, Sai Baba Temple Rd",Religious goods store,098496 59166,4.3,(7)
121,Lakshmi Ganapathi Pooja store,"Plot no 212,house ni 1-1-241 1st floor, ark complex, Hi-Tension Rd",Indian grocery store,099484 18324,4.5,(16)
