index,Name,Address,Category,Phone,Website,Maps_url
0,Lakshmi Devi Ikkat Silks,"Bhavanarushipeta, B Pochampally, Telangana 508284",Saree shop,075695 28539,,https://www.bing.com/maps?cp=17.346725463867188%7E78.81635284423828&lvl=16.0&q=Lakshmi%20Devi%20Ikkat%20Silks%20%2C%20Bhavanarushipeta%2C%20B%20Pochampally%2C%20Telangana%20508284
1,S.S.R. Silk Sarees,"2-2-34/22/a/1, Mallikarjuna Nagar, Amberpet, Hyderabad, Telangana",Saree shop,,,https://www.bing.com/maps?cp=17.395984649658203%7E78.52837371826172&lvl=16.0&q=S.S.R.%20Silk%20Sarees%20%2C%202-2-34%2F22%2Fa%2F1%2C%20Mallikarjuna%20Nagar%2C%20Amberpet%2C%20Hyderabad%2C%20Telangana
2,Seethara Tie and Dye Silk Sarees,"1\30\9, Yellamla, Jangaon, Telangana 506201",Fabric store,,,https://www.bing.com/maps?cp=17.963394165039062%7E79.47855377197266&lvl=16.0&q=Seethara%20Tie%20and%20Dye%20Silk%20Sarees%20%2C%201%5C30%5C9%2C%20Yellamla%2C%20Jangaon%2C%20Telangana%20506201
3,S.R.Silk Sarees,"Godgift Market, 21-1-638, Rikab Gunj, Hyderabad, Telangana 500002",Saree shop,,,https://www.bing.com/maps?cp=17.366960525512695%7E78.47317504882812&lvl=16.0&q=S.R.Silk%20Sarees%20%2C%20Godgift%20Market%2C%2021-1-638%2C%20Rikab%20Gunj%2C%20Hyderabad%2C%20Telangana%20500002
4,Chenna Srinivas Tie and Dye Silk Sarees,"4\64, Yellamla, Jangaon, Telangana 506201",Fabric store,,,https://www.bing.com/maps?cp=18.09443473815918%7E78.84947204589844&lvl=16.0&q=Chenna%20Srinivas%20Tie%20and%20Dye%20Silk%20Sarees%20%2C%204%5C64%2C%20Yellamla%2C%20Jangaon%2C%20Telangana%20506201
5,Satyanarayana Tie and Dye Silk Sarees,"1\116\27, Siddenki, Jangaon, Telangana 506201",Fabric store,,,https://www.bing.com/maps?cp=18.097272872924805%7E78.84941101074219&lvl=16.0&q=Satyanarayana%20Tie%20and%20Dye%20Silk%20Sarees%20%2C%201%5C116%5C27%2C%20Siddenki%2C%20Jangaon%2C%20Telangana%20506201
6,Chandra Mouli Tie and Dye Silk Sarees,"3\41, Yellamla, Jangaon, Telangana 506201",Fabric store,,,https://www.bing.com/maps?cp=18.107681274414062%7E78.8279800415039&lvl=16.0&q=Chandra%20Mouli%20Tie%20and%20Dye%20Silk%20Sarees%20%2C%203%5C41%2C%20Yellamla%2C%20Jangaon%2C%20Telangana%20506201
7,Venkatesh Tie and Dye Silk Sarees,"2\4, Yellamla, Jangaon, Telangana 506201",Saree shop,,,https://www.bing.com/maps?cp=18.107349395751953%7E78.82881927490234&lvl=16.0&q=Venkatesh%20Tie%20and%20Dye%20Silk%20Sarees%20%2C%202%5C4%2C%20Yellamla%2C%20Jangaon%2C%20Telangana%20506201
8,Suresh Tie and Dye Silk Sarees,"4\64, Yellamla, Jangaon, Telangana 506201",Fabric store,,,https://www.bing.com/maps?cp=18.09443473815918%7E78.84947204589844&lvl=16.0&q=Suresh%20Tie%20and%20Dye%20Silk%20Sarees%20%2C%204%5C64%2C%20Yellamla%2C%20Jangaon%2C%20Telangana%20506201
9,Vedavathi Tie and Dye Silk Sarees,"1\119, Siddenki, Jangaon, Telangana 506201",Fabric store,,,https://www.bing.com/maps?cp=17.70066261291504%7E79.14865112304688&lvl=16.0&q=Vedavathi%20Tie%20and%20Dye%20Silk%20Sarees%20%2C%201%5C119%2C%20Siddenki%2C%20Jangaon%2C%20Telangana%20506201
10,Manjula Tie and Dye Silk Sarees,"1\46, Yellamla, Jangaon, Telangana 506201",Fabric store,,,https://www.bing.com/maps?cp=17.70090675354004%7E79.15103912353516&lvl=16.0&q=Manjula%20Tie%20and%20Dye%20Silk%20Sarees%20%2C%201%5C46%2C%20Yellamla%2C%20Jangaon%2C%20Telangana%20506201
11,OM Sri Sai Krishna Silk Sarees,"Hyderabad, Durga Nagar, Katedhan, Telangana",Clothing store,,https://om-sri-sai-krishna-silk-sarees.business.site/,https://www.bing.com/maps?cp=17.8006591796875%7E79.00984954833984&lvl=16.0&q=OM%20Sri%20Sai%20Krishna%20Silk%20Sarees%20%2C%20Hyderabad%2C%20Durga%20Nagar%2C%20Katedhan%2C%20Telangana
12,Ravinder Silk Sarees,"1\76, Yellamla, Jangaon, Telangana 506201",Fabric store,,,https://www.bing.com/maps?cp=17.701005935668945%7E79.15097045898438&lvl=16.0&q=Ravinder%20Silk%20Sarees%20%2C%201%5C76%2C%20Yellamla%2C%20Jangaon%2C%20Telangana%20506201
13,Anil Tie and Dye Silk Sarees,"2\99, Yellamla, Jangaon, Telangana 506201",Fabric store,,,https://www.bing.com/maps?cp=18.1086368560791%7E78.82884979248047&lvl=16.0&q=Anil%20Tie%20and%20Dye%20Silk%20Sarees%20%2C%202%5C99%2C%20Yellamla%2C%20Jangaon%2C%20Telangana%20506201
14,Srihari Tie and Dye Silk Sarees,"5\3, Siddenki, Jangaon, Telangana 506201",Fabric store,,,https://www.bing.com/maps?cp=18.106689453125%7E78.8295669555664&lvl=16.0&q=Srihari%20Tie%20and%20Dye%20Silk%20Sarees%20%2C%205%5C3%2C%20Siddenki%2C%20Jangaon%2C%20Telangana%20506201
15,Sri Venkata Lakshmi Gadwal Sarees,"Rajaveedhi, Ganjipeta, Gadwal, Telangana",Clothing store,,,https://www.bing.com/maps?cp=16.238670349121094%7E77.79570007324219&lvl=16.0&q=Sri%20Venkata%20Lakshmi%20Gadwal%20Sarees%20%2C%20Rajaveedhi%2C%20Ganjipeta%2C%20Gadwal%2C%20Telangana
16,Sri Santosh Silks And Sarees,"Moula-Ali, Hyderabad, Telangana 500040",Saree shop,077026 26027,https://www.facebook.com/people/Sri-Santosh-Silks-and-Sarees/100067332155024/,https://www.bing.com/maps?cp=17.452425003051758%7E78.56452941894531&lvl=16.0&q=Sri%20Santosh%20Silks%20And%20Sarees%20%2C%20Moula-Ali%2C%20Hyderabad%2C%20Telangana%20500040
17,Lakshmi Kanchi silks.Buy Back Pattu Sarees,"Metro Pillar no, Lakshmi Kanchi Silks, b-Side, 1072, Near RS Brother, Ameerpet, Hyderabad, Telangana",Saree shop,099087 23265,,https://www.bing.com/maps?cp=17.399879455566406%7E78.56024932861328&lvl=16.0&q=Lakshmi%20Kanchi%20silks.Buy%20Back%20Pattu%20Sarees%20%2C%20Metro%20Pillar%20no%2C%20Lakshmi%20Kanchi%20Silks%2C%20b-Side%2C%201072%2C%20Near%20RS%20Brother%2C%20Ameerpet%2C%20Hyderabad%2C%20Telangana
18,Laxmi Ganapathi Silk Sarees,"1-96/3 Mallikarjuna Nagar, Boduppal, Hyderabad, Telangana 500092",Saree shop,080965 66363,,https://www.bing.com/maps?cp=17.41949462890625%7E78.58464813232422&lvl=16.0&q=Laxmi%20Ganapathi%20Silk%20Sarees%20%2C%201-96%2F3%20Mallikarjuna%20Nagar%2C%20Boduppal%2C%20Hyderabad%2C%20Telangana%20500092
19,OnlyPaithani Hyderabad,"6 Road No 3, Secunderabad, Telangana 500047",Clothing store,098337 67750,https://onlypaithani.com/,https://www.bing.com/maps?cp=17.44292449951172%7E78.52555084228516&lvl=16.0&q=OnlyPaithani%20Hyderabad%20%2C%206%20Road%20No%203%2C%20Secunderabad%2C%20Telangana%20500047
20,Gayathri Sarees,"1 Sainikpuri Main Road, Secunderabad, Telangana 500094",Clothing store,088968 00300,https://gayathrisarees.com/,https://www.bing.com/maps?cp=17.48328971862793%7E78.54161834716797&lvl=16.0&q=Gayathri%20Sarees%20%2C%201%20Sainikpuri%20Main%20Road%2C%20Secunderabad%2C%20Telangana%20500094
21,Maa Annapurna Silk Saree Factory,"Gate no 1, 25, Neel Cottage Colony, Varanasi",Clothing store,,https://maa-annapurna-silk-saree-factory.business.site/,https://www.bing.com/maps?cp=17.457429885864258%7E78.54939270019531&lvl=16.0&q=Maa%20Annapurna%20Silk%20Saree%20Factory%20%2C%20Gate%20no%201%2C%2025%2C%20Neel%20Cottage%20Colony%2C%20Varanasi
22,Sri Krishna Silk and Sarees,"Plot NO 10/4, Door NO 3 4 139/1/1, Attapur, Rangareddy, Telangana 500028",Clothing store,091545 63696,,https://www.bing.com/maps?cp=17.32745361328125%7E78.58382415771484&lvl=16.0&q=Sri%20Krishna%20Silk%20and%20Sarees%20%2C%20Plot%20NO%2010%2F4%2C%20Door%20NO%203%204%20139%2F1%2F1%2C%20Attapur%2C%20Rangareddy%2C%20Telangana%20500028
23,Manikanta Ikkath Silks,"H NO: 4-133/1, Bhavanarushi Pets, Bhoodan Pochampally, Nalgonda, Telangana 508284",Saree shop,081433 63282,https://www.facebook.com/ikatwholesale/about/,https://www.bing.com/maps?cp=17.445423126220703%7E78.50389862060547&lvl=16.0&q=Manikanta%20Ikkath%20Silks%20%2C%20H%20NO%3A%204-133%2F1%2C%20Bhavanarushi%20Pets%2C%20Bhoodan%20Pochampally%2C%20Nalgonda%2C%20Telangana%20508284
24,Padmavathi saree house,"Ashok Nagar srt, Jawaharnagar, Beside Andhra Cafe, Hyderabad, Telangana 500020",Saree shop,098480 98269,https://padmavathisarees.com/,https://www.bing.com/maps?cp=17.41087532043457%7E78.49264526367188&lvl=16.0&q=Padmavathi%20saree%20house%20%2C%20Ashok%20Nagar%20srt%2C%20Jawaharnagar%2C%20Beside%20Andhra%20Cafe%2C%20Hyderabad%2C%20Telangana%20500020
25,Unnati Silk Prints Private Limited,"3-4-360, Tobacco Bazar, Secunderabad, Telangana 500003",Saree shop,040 2781 4522,https://www.unnatisilks.com/pages/contact-unnati,https://www.bing.com/maps?cp=17.437488555908203%7E78.48945617675781&lvl=16.0&q=Unnati%20Silk%20Prints%20Private%20Limited%20%2C%203-4-360%2C%20Tobacco%20Bazar%2C%20Secunderabad%2C%20Telangana%20500003
26,Ridhi Sidhi Silk & Sarees,"Shopno 4 5/2/323 Plotno 54, Hyderbasthi, Hyderbasthi Secundrabad, Hyderabad, Telangana 500003",Saree shop,080 4780 4542,,https://www.bing.com/maps?cp=17.434524536132812%7E78.49325561523438&lvl=16.0&q=Ridhi%20Sidhi%20Silk%20%26%20Sarees%20%2C%20Shopno%204%205%2F2%2F323%20Plotno%2054%2C%20Hyderbasthi%2C%20Hyderbasthi%20Secundrabad%2C%20Hyderabad%2C%20Telangana%20500003
27,Shiv Ram Silk and Sarees,"2\4\147, Ramgopalpet, Hyderabad, Telangana 500003",Clothing store,,,https://www.bing.com/maps?cp=17.437227249145508%7E78.48811340332031&lvl=16.0&q=Shiv%20Ram%20Silk%20and%20Sarees%20%2C%202%5C4%5C147%2C%20Ramgopalpet%2C%20Hyderabad%2C%20Telangana%20500003
28,Kaladhar Saree House,"Shop.No.2-2-647/A/99, Near Vishwa Sai Baba Mandiram, New Nallakunta, Secunderabad, Telangana",Clothing store,040 2742 2900,https://mykaladhar.com/,https://www.bing.com/maps?cp=17.398075103759766%7E78.51200866699219&lvl=16.0&q=Kaladhar%20Saree%20House%20%2C%20Shop.No.2-2-647%2FA%2F99%2C%20Near%20Vishwa%20Sai%20Baba%20Mandiram%2C%20New%20Nallakunta%2C%20Secunderabad%2C%20Telangana
29,Srinivasa Saree Center,"12-10-590/129/3, Warasiguda, Hyderabad, Telangana 500061",Clothing store,,,https://www.bing.com/maps?cp=17.421878814697266%7E78.51720428466797&lvl=16.0&q=Srinivasa%20Saree%20Center%20%2C%2012-10-590%2F129%2F3%2C%20Warasiguda%2C%20Hyderabad%2C%20Telangana%20500061
30,Jhahnavi Silk Sarees,"3-4-373, Hyderabad, Tobacco Bazar, Hyderabad, Telangana 500003",Saree shop,095358 35169,,https://www.bing.com/maps?cp=17.436857223510742%7E78.48949432373047&lvl=16.0&q=Jhahnavi%20Silk%20Sarees%20%2C%203-4-373%2C%20Hyderabad%2C%20Tobacco%20Bazar%2C%20Hyderabad%2C%20Telangana%20500003
31,Sahithi Silk Sarees,"H NO 1-9-649, Street NO 6, Achut Reddy Marg, Vidyanagar, Hyderabad, Telangana 500020",Saree shop,,,https://www.bing.com/maps?cp=17.404624938964844%7E78.50994873046875&lvl=16.0&q=Sahithi%20Silk%20Sarees%20%2C%20H%20NO%201-9-649%2C%20Street%20NO%206%2C%20Achut%20Reddy%20Marg%2C%20Vidyanagar%2C%20Hyderabad%2C%20Telangana%20500020
32,Ratan Silk Sarees,"3\4\375, Tobacco Bazar, Hyderabad, Telangana 500003",Saree shop,,,https://www.bing.com/maps?cp=17.437129974365234%7E78.48931121826172&lvl=16.0&q=Ratan%20Silk%20Sarees%20%2C%203%5C4%5C375%2C%20Tobacco%20Bazar%2C%20Hyderabad%2C%20Telangana%20500003
33,Dayal Silk & Sarees,"4 - 1 - 865, Tilak Road, Hyderabad, Telangana 500001",Saree shop,040 2475 5566,,https://www.bing.com/maps?cp=17.38974380493164%7E78.47935485839844&lvl=16.0&q=Dayal%20Silk%20%26%20Sarees%20%2C%204%20-%201%20-%20865%2C%20Tilak%20Road%2C%20Hyderabad%2C%20Telangana%20500001
34,Harini Silk Sarees,"13\104\A P No2, Shivaji Nagar, Hyderabad Road, Chandur, Nalgonda, Telangana 508255",Fashion accessories store,,,https://www.bing.com/maps?cp=17.443559646606445%7E78.47927856445312&lvl=16.0&q=Harini%20Silk%20Sarees%20%2C%2013%5C104%5CA%20P%20No2%2C%20Shivaji%20Nagar%2C%20Hyderabad%20Road%2C%20Chandur%2C%20Nalgonda%2C%20Telangana%20508255
35,Likhitha Silk Sarees,"2-1-481TO484 Srteet NO 7 Nallakunta Street NO 7, Hyderabad, Telangana 500044",Textile mill,063002 27271,,https://www.bing.com/maps?cp=17.398027420043945%7E78.5062026977539&lvl=16.0&q=Likhitha%20Silk%20Sarees%20%2C%202-1-481TO484%20Srteet%20NO%207%20Nallakunta%20Street%20NO%207%2C%20Hyderabad%2C%20Telangana%20500044
36,Aravind Silk Sarees,"2\24, Maruthi Nagar, Kotakonda, Mahabubnagar, Telangana 509210",Clothing store,,,https://www.bing.com/maps?cp=17.45241355895996%7E78.53362274169922&lvl=16.0&q=Aravind%20Silk%20Sarees%20%2C%202%5C24%2C%20Maruthi%20Nagar%2C%20Kotakonda%2C%20Mahabubnagar%2C%20Telangana%20509210
37,Bhanusri Gadwal Sarees,"H.no. 2-3-18/39, Tulasi Nagar Colony, Golnaka, Amberpet, Hyderabad, Telangana",Clothing store,,,https://www.bing.com/maps?cp=17.38796615600586%7E78.47693634033203&lvl=16.0&q=Bhanusri%20Gadwal%20Sarees%20%2C%20H.no.%202-3-18%2F39%2C%20Tulasi%20Nagar%20Colony%2C%20Golnaka%2C%20Amberpet%2C%20Hyderabad%2C%20Telangana
38,Pooja Sarees,"Abids Tilak Road, Hyderabad, Telangana 500001",Clothing store,099126 98199,https://www.facebook.com/poojasareeshyderabad/,https://www.bing.com/maps?cp=17.389211654663086%7E78.47749328613281&lvl=16.0&q=Pooja%20Sarees%20%2C%20Abids%20Tilak%20Road%2C%20Hyderabad%2C%20Telangana%20500001
39,Uppada Sarees,"8-2-574, Lane Beside Advance Hair Studio, Road no.8, Banjara Hills, Hyderabad, Telangana 500034",Saree shop,094419 05005,https://uppada.com/,https://www.bing.com/maps?cp=17.417306900024414%7E78.44429779052734&lvl=16.0&q=Uppada%20Sarees%20%2C%208-2-574%2C%20Lane%20Beside%20Advance%20Hair%20Studio%2C%20Road%20no.8%2C%20Banjara%20Hills%2C%20Hyderabad%2C%20Telangana%20500034
40,Kanchi puram sarees,"8-2-574, Lane Beside Also Boutique, Road No.8, Banjara Hills, Hyderabad, Telangana 500034",Saree shop,094419 05005,https://uppada.com/,https://www.bing.com/maps?cp=17.42013168334961%7E78.4482421875&lvl=16.0&q=Kanchi%20puram%20sarees%20%2C%208-2-574%2C%20Lane%20Beside%20Also%20Boutique%2C%20Road%20No.8%2C%20Banjara%20Hills%2C%20Hyderabad%2C%20Telangana%20500034
41,Bommana Brothers,"3-3-604-612, General Bazar, Secunderabad, Telangana 500003",Saree shop,,,https://www.bing.com/maps?cp=17.437633514404297%7E78.49112701416016&lvl=16.0&q=Bommana%20Brothers%20%2C%203-3-604-612%2C%20General%20Bazar%2C%20Secunderabad%2C%20Telangana%20500003
42,Dhanalaxmi Silk Saree House,"4 6 29, Behind Mastana Agarbatti, PAN Bazar Secunderbad, Hyderabad, Telangana 500003",Clothing store,099854 82189,,https://www.bing.com/maps?cp=17.435707092285156%7E78.48941802978516&lvl=16.0&q=Dhanalaxmi%20Silk%20Saree%20House%20%2C%204%206%2029%2C%20Behind%20Mastana%20Agarbatti%2C%20PAN%20Bazar%20Secunderbad%2C%20Hyderabad%2C%20Telangana%20500003
43,Pochampally Silks And Cotton,"1-8-160/11, P G Road, Secunderabad, Telangana 500003",Saree shop,040 6632 0067,,https://www.bing.com/maps?cp=17.43977928161621%7E78.48358154296875&lvl=16.0&q=Pochampally%20Silks%20And%20Cotton%20%2C%201-8-160%2F11%2C%20P%20G%20Road%2C%20Secunderabad%2C%20Telangana%20500003
44,Kalanjali Collections,"H NO 3-4-246, Hyderabad, Telangana 500003",Clothing store,090007 32159,,https://www.bing.com/maps?cp=17.437612533569336%7E78.49125671386719&lvl=16.0&q=Kalanjali%20Collections%20%2C%20H%20NO%203-4-246%2C%20Hyderabad%2C%20Telangana%20500003
45,Garden Vareli,"No. 1-95, Hyderabad, Hyderabad 500003",Saree shop,040 2781 9778,,https://www.bing.com/maps?cp=17.440439224243164%7E78.49006652832031&lvl=16.0&q=Garden%20Vareli%20%2C%20No.%201-95%2C%20Hyderabad%2C%20Hyderabad%20500003
46,Mugdha Sarees Showroom Road No 2 Banjara Hills,"8-2-609-/1/1/A, Arafath Complex, Road No. 10, Banjara Hills, Hyderabad, Telangana",Saree shop,088977 57174,https://mugdha.co/,https://www.bing.com/maps?cp=17.41472053527832%7E78.44937133789062&lvl=16.0&q=Mugdha%20Sarees%20Showroom%20Road%20No%202%20Banjara%20Hills%20%2C%208-2-609-%2F1%2F1%2FA%2C%20Arafath%20Complex%2C%20Road%20No.%2010%2C%20Banjara%20Hills%2C%20Hyderabad%2C%20Telangana
47,Shree Silk Saree House,"1-1-230/13/4/a, Hyderabad, Hyderabad 500020",Saree shop,040 2761 1439,,https://www.bing.com/maps?cp=17.403846740722656%7E78.49442291259766&lvl=16.0&q=Shree%20Silk%20Saree%20House%20%2C%201-1-230%2F13%2F4%2Fa%2C%20Hyderabad%2C%20Hyderabad%20500020
48,Nalli Silk Sarees,"Begumpet, Hyderabad, Telangana 500016",Clothing store,040 2776 6601,https://www.nalli.com/,https://www.bing.com/maps?cp=17.444887161254883%7E78.46432495117188&lvl=16.0&q=Nalli%20Silk%20Sarees%20%2C%20Begumpet%2C%20Hyderabad%2C%20Telangana%20500016
49,Prashanti Sarees - Banjara Hills,"Door.no.8-2, 618/10&11, Rd Number 1, Mithila Nagar, Banjara Hills, Hyderabad, Telangana",Saree shop,,https://www.prashantisarees.com/,https://www.bing.com/maps?cp=17.41329002380371%7E78.44806671142578&lvl=16.0&q=Prashanti%20Sarees%20-%20Banjara%20Hills%20%2C%20Door.no.8-2%2C%20618%2F10%2611%2C%20Rd%20Number%201%2C%20Mithila%20Nagar%2C%20Banjara%20Hills%2C%20Hyderabad%2C%20Telangana
50,Sri Meenakshi Silk Sarees,"Parameswara Apartment, 6-3-626/1/g/s1, Anand Nagar Colony, Khairtabad, Hyderabad, Telangana 500004",Saree shop,,,https://www.bing.com/maps?cp=17.409849166870117%7E78.45555877685547&lvl=16.0&q=Sri%20Meenakshi%20Silk%20Sarees%20%2C%20Parameswara%20Apartment%2C%206-3-626%2F1%2Fg%2Fs1%2C%20Anand%20Nagar%20Colony%2C%20Khairtabad%2C%20Hyderabad%2C%20Telangana%20500004
51,Pochampally Silks & Sarees,"4 / 1 / 938 / 27 & 28, Abids, Hyderabad, Telangana 500001",Saree shop,040 2475 5216,,https://www.bing.com/maps?cp=17.389802932739258%7E78.47847747802734&lvl=16.0&q=Pochampally%20Silks%20%26%20Sarees%20%2C%204%20%2F%201%20%2F%20938%20%2F%2027%20%26%2028%2C%20Abids%2C%20Hyderabad%2C%20Telangana%20500001
52,Sravani Sarees,"185, Sai Nilayam, Old Vasavinagar, Vasavi Nagar-Karkhana, Hyderabad, Hyderabad, Telangana, Telangana 500015",Saree shop,083413 82382,http://www.tejasarees.com/,https://www.bing.com/maps?cp=17.46000099182129%7E78.50151824951172&lvl=16.0&q=Sravani%20Sarees%20%2C%20185%2C%20Sai%20Nilayam%2C%20Old%20Vasavinagar%2C%20Vasavi%20Nagar-Karkhana%2C%20Hyderabad%2C%20Hyderabad%2C%20Telangana%2C%20Telangana%20500015
53,Srinivasa Silks,"1-9-9/2/D Ram Nagar, Hyderabad, Telangana 500048",Saree shop,040 2763 3697,,https://www.bing.com/maps?cp=17.409412384033203%7E78.50658416748047&lvl=16.0&q=Srinivasa%20Silks%20%2C%201-9-9%2F2%2FD%20Ram%20Nagar%2C%20Hyderabad%2C%20Telangana%20500048
54,Kalanjali,"5 - 10 - 194/195, Hill Fort Road, Hyderabad, Telangana 500004",Fashion accessories store,040 2323 1147,https://www.kalanjali.com/,https://www.bing.com/maps?cp=17.40139389038086%7E78.4706802368164&lvl=16.0&q=Kalanjali%20%2C%205%20-%2010%20-%20194%2F195%2C%20Hill%20Fort%20Road%2C%20Hyderabad%2C%20Telangana%20500004
55,S V S Kanaka Durga Silk Sarees,"H NO. 2\1\192, OLD Nallakunta, Nallakunta, Hyderabad, Telangana 500044",Women's clothing store,,,https://www.bing.com/maps?cp=17.3953800201416%7E78.50287628173828&lvl=16.0&q=S%20V%20S%20Kanaka%20Durga%20Silk%20Sarees%20%2C%20H%20NO.%202%5C1%5C192%2C%20OLD%20Nallakunta%2C%20Nallakunta%2C%20Hyderabad%2C%20Telangana%20500044
56,Mysore Silk Saree,"Sultan Bazar Badi Chowdi Road, Co-Operative Bank, Sultan Bazar, Hyderabad, Telangana 500001",Clothing store,,,https://www.bing.com/maps?cp=17.38699722290039%7E78.48636627197266&lvl=16.0&q=Mysore%20Silk%20Saree%20%2C%20Sultan%20Bazar%20Badi%20Chowdi%20Road%2C%20Co-Operative%20Bank%2C%20Sultan%20Bazar%2C%20Hyderabad%2C%20Telangana%20500001
57,My Choice,"Mayur Kushal Complex Street No 3, Hyderabad, Telangana 500001",Saree shop,,,https://www.bing.com/maps?cp=17.3940486907959%7E78.47621154785156&lvl=16.0&q=My%20Choice%20%2C%20Mayur%20Kushal%20Complex%20Street%20No%203%2C%20Hyderabad%2C%20Telangana%20500001
58,Siddhi silk sarees,"Shop no.15, 16, Ground Floor and 219, 220 2nd Floor, LPT Market, Saraswati Nagar, Chandrapuri Colony, Bahadurguda, Telangana",Clothing store,099898 33391,https://www.facebook.com/people/Siddhi-silk-sarees/100063693441723/,https://www.bing.com/maps?cp=17.426246643066406%7E78.42082977294922&lvl=16.0&q=Siddhi%20silk%20sarees%20%2C%20Shop%20no.15%2C%2016%2C%20Ground%20Floor%20and%20219%2C%20220%202nd%20Floor%2C%20LPT%20Market%2C%20Saraswati%20Nagar%2C%20Chandrapuri%20Colony%2C%20Bahadurguda%2C%20Telangana
59,Sri tharakarama silk saree house and textiles,"11/3rt, Besides Mch Market, Ameerpet Colony, Hyderabad, Telangana 500016",Clothing store,078932 98424,https://www.facebook.com/sritharakaramasilksareehouse/,https://www.bing.com/maps?cp=17.434133529663086%7E78.44886779785156&lvl=16.0&q=Sri%20tharakarama%20silk%20saree%20house%20and%20textiles%20%2C%2011%2F3rt%2C%20Besides%20Mch%20Market%2C%20Ameerpet%20Colony%2C%20Hyderabad%2C%20Telangana%20500016
60,Singhania's Banjara Hills,"8-2-672/s, Road No 1, Sufi Chambers, Banjara Hills, Hyderabad, Telangana 500034",Saree shop,095055 33310,https://singhanias.in/,https://www.bing.com/maps?cp=17.40995979309082%7E78.4499282836914&lvl=16.0&q=Singhania's%20Banjara%20Hills%20%2C%208-2-672%2Fs%2C%20Road%20No%201%2C%20Sufi%20Chambers%2C%20Banjara%20Hills%2C%20Hyderabad%2C%20Telangana%20500034
61,Nalli Silk Sarees,"8/2/608/16 Banjara Hills Road No 10, Shaikpet, Telangana 500034",Saree shop,074060 15858,https://www.nalli.com/storelocator?location=hyderabad,https://www.bing.com/maps?cp=17.415740966796875%7E78.44365692138672&lvl=16.0&q=Nalli%20Silk%20Sarees%20%2C%208%2F2%2F608%2F16%20Banjara%20Hills%20Road%20No%2010%2C%20Shaikpet%2C%20Telangana%20500034
62,Sujitha''s Silk Sarees,"SRT-662, Sanathnagar, Hyderabad, Telangana 500018",Saree shop,,,https://www.bing.com/maps?cp=17.456146240234375%7E78.44437408447266&lvl=16.0&q=Sujitha''s%20Silk%20Sarees%20%2C%20SRT-662%2C%20Sanathnagar%2C%20Hyderabad%2C%20Telangana%20500018
63,Sri Srinivasa Silks and Sarees,"1 8 254, Ground Floor, Chikkadpally, Hyderabad, Telangana 500020",Clothing store,099663 00400,,https://www.bing.com/maps?cp=17.40818977355957%7E78.5083236694336&lvl=16.0&q=Sri%20Srinivasa%20Silks%20and%20Sarees%20%2C%201%208%20254%2C%20Ground%20Floor%2C%20Chikkadpally%2C%20Hyderabad%2C%20Telangana%20500020
64,Saree Mandir,"Badi Chowdi Opp Hari Masjid Sultan Bazar, Hyderabad, Telangana 500095",Clothing store,040 2465 6890,,https://www.bing.com/maps?cp=17.387895584106445%7E78.48688507080078&lvl=16.0&q=Saree%20Mandir%20%2C%20Badi%20Chowdi%20Opp%20Hari%20Masjid%20Sultan%20Bazar%2C%20Hyderabad%2C%20Telangana%20500095
65,Sri Padmavathi Sales,"1-8-3/23/14, Main Road, Chikkadpally, Hyderabad, Telangana 500020",Saree shop,080 4607 9459,http://www.padmavathisarees.com/,https://www.bing.com/maps?cp=17.401994705200195%7E78.49504852294922&lvl=16.0&q=Sri%20Padmavathi%20Sales%20%2C%201-8-3%2F23%2F14%2C%20Main%20Road%2C%20Chikkadpally%2C%20Hyderabad%2C%20Telangana%20500020
66,"Taneira Sarees (Punjagutta, Hyderabad)","Plot No 6-3-676/A, Beside Central Mall, Punjagutta, Hyderabad, Telangana 500082",Saree shop,091540 25656,https://stores.taneira.com/taneira/saree-store-in-hyderabad/saree-store-in-punjagutta/taneira-showroom-in-punjagutta-hyderabad--d2f61e4f-c0a4-4e26-90e7-a1ec745af01d/home,https://www.bing.com/maps?cp=17.427349090576172%7E78.45301055908203&lvl=16.0&q=Taneira%20Sarees%20(Punjagutta%2C%20Hyderabad)%20%2C%20Plot%20No%206-3-676%2FA%2C%20Beside%20Central%20Mall%2C%20Punjagutta%2C%20Hyderabad%2C%20Telangana%20500082
67,Annapurna Saree Extension,"NO 4\5\484, Badi Chowdi, Sultan Bazar, Hyderabad, Telangana 500195",Clothing store,089774 70638,,https://www.bing.com/maps?cp=17.387781143188477%7E78.4872055053711&lvl=16.0&q=Annapurna%20Saree%20Extension%20%2C%20NO%204%5C5%5C484%2C%20Badi%20Chowdi%2C%20Sultan%20Bazar%2C%20Hyderabad%2C%20Telangana%20500195
68,Kamakshi Silk Kendra,"4-1-938/21 New Marketing Complex, Hyderabad, Telangana 500001",Saree shop,040 2475 4720,,https://www.bing.com/maps?cp=17.389802932739258%7E78.47847747802734&lvl=16.0&q=Kamakshi%20Silk%20Kendra%20%2C%204-1-938%2F21%20New%20Marketing%20Complex%2C%20Hyderabad%2C%20Telangana%20500001
69,Markandey Silk Sarees,"21\1\732\A\4, Gopal Market, Rekabgunj, Hyderabad, Telangana 500002",Clothing store,,,https://www.bing.com/maps?cp=17.36713409423828%7E78.47545623779297&lvl=16.0&q=Markandey%20Silk%20Sarees%20%2C%2021%5C1%5C732%5CA%5C4%2C%20Gopal%20Market%2C%20Rekabgunj%2C%20Hyderabad%2C%20Telangana%20500002
70,Sri Gayathri Silk Sarees,"Sultan Bazar Cross Road, Opposite Bata, Sultan Bazar, Hyderabad, Telangana 500095",Clothing store,040 2465 1945,https://www.facebook.com/people/Sri-Gaayatri-Silks-and-Sarees/100068124019220/,https://www.bing.com/maps?cp=17.387027740478516%7E78.48640441894531&lvl=16.0&q=Sri%20Gayathri%20Silk%20Sarees%20%2C%20Sultan%20Bazar%20Cross%20Road%2C%20Opposite%20Bata%2C%20Sultan%20Bazar%2C%20Hyderabad%2C%20Telangana%20500095
71,Sri Radha Krishna Silk Palace,"11 to 14, Babukhan Estate, Basheerbagh, Hyderabad, Telangana",Clothing store,040 2323 0391,https://radhakrishnasilks.com/,https://www.bing.com/maps?cp=17.401111602783203%7E78.47493743896484&lvl=16.0&q=Sri%20Radha%20Krishna%20Silk%20Palace%20%2C%2011%20to%2014%2C%20Babukhan%20Estate%2C%20Basheerbagh%2C%20Hyderabad%2C%20Telangana
72,Sabyasachi,"Plot No 14, Road Number 10, Banjara Hills, Gaffar Khan Colony, Hyderabad, Telangana 500034",Clothing store,093901 35109,https://sabyasachi.com/,https://www.bing.com/maps?cp=17.415061950683594%7E78.4466552734375&lvl=16.0&q=Sabyasachi%20%2C%20Plot%20No%2014%2C%20Road%20Number%2010%2C%20Banjara%20Hills%2C%20Gaffar%20Khan%20Colony%2C%20Hyderabad%2C%20Telangana%20500034
73,Taneira Sarees,"14, 8-2-293/174/14/G9, BNR Colony, BN Reddy Colony, Banjara Hills, Hyderabad, Telangana",Saree shop,,https://www.taneira.com/,https://www.bing.com/maps?cp=17.422658920288086%7E78.42818450927734&lvl=16.0&q=Taneira%20Sarees%20%2C%2014%2C%208-2-293%2F174%2F14%2FG9%2C%20BNR%20Colony%2C%20BN%20Reddy%20Colony%2C%20Banjara%20Hills%2C%20Hyderabad%2C%20Telangana
74,Kanchi Designers,"8\2\120\120\1\50, 10 Banjara Hills, Hyderabad, Telangana 500034",Saree shop,091820 75118,https://kanjivaramsilks.com/,https://www.bing.com/maps?cp=17.41645622253418%7E78.43297576904297&lvl=16.0&q=Kanchi%20Designers%20%2C%208%5C2%5C120%5C120%5C1%5C50%2C%2010%20Banjara%20Hills%2C%20Hyderabad%2C%20Telangana%20500034
75,Mugdha - Secunderabad Patny Center - Luxury Sarees Store In Hyderabad,"Chandralok Complex, Plot No.110, Door No.1-2-166 To 193, SD Road, Beside Manju Theater, Secunderabad, Telangana",Women's clothing store,073373 93430,https://mugdha.co/,https://www.bing.com/maps?cp=17.441761016845703%7E78.48749542236328&lvl=16.0&q=Mugdha%20-%20Secunderabad%20Patny%20Center%20-%20Luxury%20Sarees%20Store%20In%20Hyderabad%20%2C%20Chandralok%20Complex%2C%20Plot%20No.110%2C%20Door%20No.1-2-166%20To%20193%2C%20SD%20Road%2C%20Beside%20Manju%20Theater%2C%20Secunderabad%2C%20Telangana
76,Garden Vareli,"6-1-1062/2, Sri Venkateswara Hotel Road, Near Lakdikapul Metro Station, Lakdikapul, Hyderabad, Telangana 500057",Clothing store,0261 231 1197,,https://www.bing.com/maps?cp=17.405229568481445%7E78.4639892578125&lvl=16.0&q=Garden%20Vareli%20%2C%206-1-1062%2F2%2C%20Sri%20Venkateswara%20Hotel%20Road%2C%20Near%20Lakdikapul%20Metro%20Station%2C%20Lakdikapul%2C%20Hyderabad%2C%20Telangana%20500057
77,M/S JAWARIA SILK CENTRE,"94on Tara Chand Market New Cloth Road, Hyderabad, Sindh",Saree shop,,,https://www.bing.com/maps?cp=17.409685134887695%7E78.46399688720703&lvl=16.0&q=M%2FS%20JAWARIA%20SILK%20CENTRE%20%2C%2094on%20Tara%20Chand%20Market%20New%20Cloth%20Road%2C%20Hyderabad%2C%20Sindh
78,Rajkamal Saree Mandir,"4\1\938\1, 4\1\938\A, Rajkamal Silk And Sarees, 1, Tilak Road, Hyderabad, Telangana 500001",Clothing store,093962 24100,,https://www.bing.com/maps?cp=17.38677406311035%7E78.48616790771484&lvl=16.0&q=Rajkamal%20Saree%20Mandir%20%2C%204%5C1%5C938%5C1%2C%204%5C1%5C938%5CA%2C%20Rajkamal%20Silk%20And%20Sarees%2C%201%2C%20Tilak%20Road%2C%20Hyderabad%2C%20Telangana%20500001
79,"Taneira Sarees (Banjara Hills, Hyderabad)","No 8-3-293/174/14/G9, BNR Colony, Road No 14, Banjara Hills, Near Ratnadeep KBR Park, Hyderabad, Telangana 500034",Saree shop,091003 67497,https://stores.taneira.com/taneira/saree-store-in-hyderabad/saree-store-in-banjara-hills/taneira-showroom-in-banjara-hills-hyderabad--c693daf9-7b3b-4648-b846-6e17a9a6020e/home,https://www.bing.com/maps?cp=17.422748565673828%7E78.4280014038086&lvl=16.0&q=Taneira%20Sarees%20(Banjara%20Hills%2C%20Hyderabad)%20%2C%20No%208-3-293%2F174%2F14%2FG9%2C%20BNR%20Colony%2C%20Road%20No%2014%2C%20Banjara%20Hills%2C%20Near%20Ratnadeep%20KBR%20Park%2C%20Hyderabad%2C%20Telangana%20500034
80,Balaji Silk Sarees,"13\1\1146\A\37, Mahalaxmi Nagar, Hyderabad, Telangana 500006",Clothing store,,,https://www.bing.com/maps?cp=17.379776000976562%7E78.46062469482422&lvl=16.0&q=Balaji%20Silk%20Sarees%20%2C%2013%5C1%5C1146%5CA%5C37%2C%20Mahalaxmi%20Nagar%2C%20Hyderabad%2C%20Telangana%20500006
81,Rithika Suits & Dress Materials,"2-1-191, 2-1-143, General Bazar, Kalasiguda, Telangana 500003",Clothing store,088224 47744,https://www.rithikasuits.com/,https://www.bing.com/maps?cp=17.439245223999023%7E78.49443817138672&lvl=16.0&q=Rithika%20Suits%20%26%20Dress%20Materials%20%2C%202-1-191%2C%202-1-143%2C%20General%20Bazar%2C%20Kalasiguda%2C%20Telangana%20500003
82,Garden Vareli,"Rd Number 1, Mithila Nagar, Banjara Hills, Hyderabad, Telangana 500482",Saree shop,040 2335 4075,,https://www.bing.com/maps?cp=17.408607482910156%7E78.45055389404297&lvl=16.0&q=Garden%20Vareli%20%2C%20Rd%20Number%201%2C%20Mithila%20Nagar%2C%20Banjara%20Hills%2C%20Hyderabad%2C%20Telangana%20500482
83,Unnati silk saree Banaras,"152, Venkateshwara Colony, Venkateshwara Hills, Banjara Hills, Hyderabad, Telangana",Saree shop,,https://www.youtube.com/channel/UCiJ6X1qO8akHJOSicRld0WQ,https://www.bing.com/maps?cp=17.428001403808594%7E78.444091796875&lvl=16.0&q=Unnati%20silk%20saree%20Banaras%20%2C%20152%2C%20Venkateshwara%20Colony%2C%20Venkateshwara%20Hills%2C%20Banjara%20Hills%2C%20Hyderabad%2C%20Telangana
84,New Nazakat Silk Sarees,"21\1\653\A\2, Mohammed Akber Hussain, Rikab Gunj, Hyderabad, Telangana 500002",Clothing store,,,https://www.bing.com/maps?cp=17.367603302001953%7E78.47569274902344&lvl=16.0&q=New%20Nazakat%20Silk%20Sarees%20%2C%2021%5C1%5C653%5CA%5C2%2C%20Mohammed%20Akber%20Hussain%2C%20Rikab%20Gunj%2C%20Hyderabad%2C%20Telangana%20500002
85,Karnataka Silk Industries Corporation Limited,"Elephant House, 12, Ground Floor, Ameerpet Cross Road, Hyderabad, Telangana 500016",Clothing store,040 2341 1092,https://ksicsilk.com/,https://www.bing.com/maps?cp=17.43349266052246%7E78.44646453857422&lvl=16.0&q=Karnataka%20Silk%20Industries%20Corporation%20Limited%20%2C%20Elephant%20House%2C%2012%2C%20Ground%20Floor%2C%20Ameerpet%20Cross%20Road%2C%20Hyderabad%2C%20Telangana%20500016
86,Rajyalakshmi Heritage Banaras Sarees,"3 Banjara Hills Road No 10, Shaikpet, Telangana 500034",Saree shop,091600 66626,https://rajyalakshmi.co.in/,https://www.bing.com/maps?cp=17.41865348815918%7E78.43578338623047&lvl=16.0&q=Rajyalakshmi%20Heritage%20Banaras%20Sarees%20%2C%203%20Banjara%20Hills%20Road%20No%2010%2C%20Shaikpet%2C%20Telangana%20500034
87,"Taneira Sarees (Jubilee Hills, Hyderabad)","Shop No 8-2-293/82/A/500, Road Number 36, Jubilee Hills, Opposite Metro Pillar No 1664, Hyderabad, Telangana 500033",Saree shop,083675 78888,https://stores.taneira.com/taneira/saree-store-in-hyderabad/saree-store-in-jubilee-hills/taneira-showroom-in-jubilee-hills-hyderabad--00ec354d-f18b-4f32-8fc3-62fc7640a053/home,https://www.bing.com/maps?cp=17.42872428894043%7E78.42137908935547&lvl=16.0&q=Taneira%20Sarees%20(Jubilee%20Hills%2C%20Hyderabad)%20%2C%20Shop%20No%208-2-293%2F82%2FA%2F500%2C%20Road%20Number%2036%2C%20Jubilee%20Hills%2C%20Opposite%20Metro%20Pillar%20No%201664%2C%20Hyderabad%2C%20Telangana%20500033
88,Raj Shree Designer Sarees,"14-5-3 Begum Bazar Road, Hyderabad, Telangana 500012",Women's clothing store,090309 14938,,https://www.bing.com/maps?cp=17.374601364135742%7E78.46762084960938&lvl=16.0&q=Raj%20Shree%20Designer%20Sarees%20%2C%2014-5-3%20Begum%20Bazar%20Road%2C%20Hyderabad%2C%20Telangana%20500012
